# log(t);log(-log(1-X))
0.0000000000,-6.0850768049
0.6931471806,-4.1967358464
1.0986122887,-3.0623819566
1.3862943611,-2.2339733361
1.6094379124,-1.6068100610
1.7917594692,-1.0984225927
1.9459101491,-0.6624038649
2.0794415417,-0.2745059829
2.1972245773,0.0794275262
2.3025850930,0.3991741738
2.3978952728,0.6855001612
2.4849066498,0.9477178112
