# log(t);log(-log(1-X))
0.0000000000,-6.0538693805
0.6931471806,-4.1745771754
1.0986122887,-3.0585358409
1.3862943611,-2.2500615409
1.6094379124,-1.6297384753
1.7917594692,-1.1306296651
1.9459101491,-0.7063653605
2.0794415417,-0.3407197654
2.1972245773,-0.0320337498
2.3025850930,0.2288768773
2.3978952728,0.4546710807
2.4849066498,0.6511675258
2.5649493575,0.8242706716
2.6390573296,0.9763795001
