# log(t);log(-log(1-X))
0.0000000000,-4.0307045658
0.6931471806,-2.3661474640
1.0986122887,-1.4026877377
1.3862943611,-0.6563229633
1.6094379124,0.0115351256
1.7917594692,0.5928412675
1.9459101491,1.0849084635
