# log(t);log(-log(1-X))
0.0000000000,-6.0736950524
0.6931471806,-4.1851289952
1.0986122887,-3.0580002927
1.3862943611,-2.2321872671
1.6094379124,-1.5934620430
1.7917594692,-1.0761165278
1.9459101491,-0.6337599326
2.0794415417,-0.2503747146
2.1972245773,0.0800438670
2.3025850930,0.3697834274
2.3978952728,0.6213698149
2.4849066498,0.8427505304
2.5649493575,1.0396714034
