#id,creation_time,radius,volume,volume_perc,center_r1,center_r2,center_r3,center_r4,center_r5,center_r6
0,0,20,1,0.000000,11,11,5,13,8,1,
1,0,20,1,0.000000,0,13,3,13,5,10,
2,0,20,1,0.000000,4,9,1,9,7,3,
3,1,12,1,0.000000,2,13,0,11,2,13,
4,1,12,1,0.000000,12,14,14,8,3,12,
5,1,12,1,0.000000,7,15,8,12,12,0,
6,2,6,1,0.000000,13,12,13,0,9,3,
