# log(t);log(-log(1-X))
0.0000000000,-2.0239251315
0.6931471806,0.1843395229
