# log(t);log(-log(1-X))
0.0000000000,-6.7518781102
0.6931471806,-5.1793210193
1.0986122887,-4.1698348190
1.3862943611,-3.3276891491
1.6094379124,-2.5857997917
1.7917594692,-1.9644852460
1.9459101491,-1.4316803109
2.0794415417,-0.9586296502
2.1972245773,-0.5067121195
2.3025850930,-0.1056620683
2.3978952728,0.2437517374
2.4849066498,0.5526034929
2.5649493575,0.8255325219
2.6390573296,1.0693386568
