# log(t);log(-log(1-X))
0.0000000000,-6.0496108552
0.6931471806,-4.1600254580
1.0986122887,-3.0342663546
1.3862943611,-2.2199691066
1.6094379124,-1.6060972436
1.7917594692,-1.1151987440
1.9459101491,-0.7024555957
2.0794415417,-0.3410748339
2.1972245773,-0.0254310509
2.3025850930,0.2460236773
2.3978952728,0.4736062759
2.4849066498,0.6694564982
2.5649493575,0.8405222049
2.6390573296,0.9914991969
