# log(t);log(-log(1-X))
0.0000000000,-3.6396382226
0.6931471806,-1.5921181589
1.0986122887,-0.2387416815
1.3862943611,0.6634090213
