# log(t);log(-log(1-X))
0.0000000000,-6.6340219989
0.6931471806,-4.7098157948
1.0986122887,-3.5550284819
1.3862943611,-2.6003674768
1.6094379124,-1.7830111337
1.7917594692,-1.1765059047
1.9459101491,-0.6638756967
2.0794415417,-0.2092640714
2.1972245773,0.1952268009
2.3025850930,0.5287153362
2.3978952728,0.8132241603
2.4849066498,1.0630414889
