# log(t);log(-log(1-X))
0.0000000000,-12.7168967693
0.6931471806,-12.7168967693
1.0986122887,-8.5736690355
1.3862943611,-5.8220997132
1.6094379124,-3.9403837574
1.7917594692,-2.6006141196
1.9459101491,-0.7398958683
2.0794415417,0.5322118218
