# log(t);log(-log(1-X))
0.0000000000,-11.3305979081
0.6931471806,-8.5221062250
1.0986122887,-6.5285883988
1.3862943611,-5.0268460303
1.6094379124,-3.8528323214
1.7917594692,-2.8862607133
1.9459101491,-2.0635532391
2.0794415417,-1.3748347952
2.1972245773,-0.7884559083
2.3025850930,-0.2618863136
2.3978952728,0.2104884689
2.4849066498,0.6286885356
2.5649493575,1.0011497735
