# log(t);log(-log(1-X))
0.0000000000,-8.9326426317
0.6931471806,-6.6129228649
1.0986122887,-5.0826899710
1.3862943611,-3.9069512878
1.6094379124,-2.9717971674
1.7917594692,-2.2294306857
1.9459101491,-1.5842225642
2.0794415417,-1.0400087955
2.1972245773,-0.5715208396
2.3025850930,-0.1508968562
2.3978952728,0.2157334865
2.4849066498,0.5420910197
2.5649493575,0.8227283193
2.6390573296,1.0694904186
