# log(t);log(-log(1-X))
0.0000000000,-6.6602548595
0.6931471806,-5.0558011170
1.0986122887,-4.0626639977
1.3862943611,-3.2187343063
1.6094379124,-2.4958598856
1.7917594692,-1.8987013244
1.9459101491,-1.3935003343
2.0794415417,-0.9530672639
2.1972245773,-0.5535309093
2.3025850930,-0.2033051478
2.3978952728,0.1027389945
2.4849066498,0.3715232427
2.5649493575,0.6049073699
2.6390573296,0.8044425259
2.7080502011,0.9829673000
