# log(t);log(-log(1-X))
0.0000000000,-3.6122517328
0.6931471806,-1.5041481921
1.0986122887,-0.3101370389
1.3862943611,0.5078000185
