# log(t);log(-log(1-X))
0.0000000000,-3.6027797612
0.6931471806,-1.0447619855
1.0986122887,0.3026809767
1.3862943611,1.0194756721
