# log(t);log(-log(1-X))
0.0000000000,-4.1614582499
0.6931471806,-2.5284355395
1.0986122887,-1.5986824759
1.3862943611,-0.9807001373
1.6094379124,-0.4219973218
1.7917594692,0.0991810802
1.9459101491,0.5195508385
2.0794415417,0.8623923858
