# log(t);log(-log(1-X))
0.0000000000,-9.3966284487
0.6931471806,-7.3806524583
1.0986122887,-6.0577175840
1.3862943611,-4.9855065173
1.6094379124,-4.0699640495
1.7917594692,-3.3228178559
1.9459101491,-2.6829329565
2.0794415417,-2.1154028131
2.1972245773,-1.6007670471
2.3025850930,-1.1379673536
2.3978952728,-0.7194576287
2.4849066498,-0.3391567510
2.5649493575,0.0024231907
2.6390573296,0.3109584372
2.7080502011,0.5881661303
2.7725887222,0.8402682059
2.8332133441,1.0658979077
