# log(t);log(-log(1-X))
0.0000000000,-3.9396497479
0.6931471806,-2.3828589689
1.0986122887,-1.3727892815
1.3862943611,-0.6225279380
1.6094379124,0.0244029336
1.7917594692,0.5458390382
1.9459101491,0.9723854900
