# log(t);log(-log(1-X))
0.0000000000,-2.2114215606
0.6931471806,0.2975177436
