# log(t);log(-log(1-X))
0.0000000000,-2.1610573958
0.6931471806,0.3823515389
