# log(t);log(-log(1-X))
0.0000000000,-6.6294631791
0.6931471806,-4.6991172308
1.0986122887,-3.5388114006
1.3862943611,-2.5820706567
1.6094379124,-1.7707594662
1.7917594692,-1.1766162676
1.9459101491,-0.6810993892
2.0794415417,-0.2405002703
2.1972245773,0.1554230946
2.3025850930,0.4888855695
2.3978952728,0.7787631628
2.4849066498,1.0384764749
