#time,new_clusters_asked,new_clusters_created,clusters_total,volume_grow,volume_total,volume_totale_perc
0,50,50,50,50,50,0.000128
1,0,0,50,9963,10013,0.025633
2,0,0,50,61659,71672,0.183480
3,0,0,50,137018,208690,0.534246
4,0,0,50,116226,324916,0.831785
