# log(t);log(-log(1-X))
0.0000000000,-3.6509191659
0.6931471806,-1.5960091232
1.0986122887,-0.2690596430
1.3862943611,0.5780238050
