# log(t);log(-log(1-X))
0.0000000000,-9.3846517577
0.6931471806,-7.3694756559
1.0986122887,-6.0551504742
1.3862943611,-4.9891952930
1.6094379124,-4.0737832698
1.7917594692,-3.3247751532
1.9459101491,-2.6860858271
2.0794415417,-2.1233548550
2.1972245773,-1.6184491580
2.3025850930,-1.1687091299
2.3978952728,-0.7650671261
2.4849066498,-0.3976829003
2.5649493575,-0.0656127628
2.6390573296,0.2379169053
2.7080502011,0.5140585507
2.7725887222,0.7698678762
2.8332133441,1.0048539113
