# log(t);log(-log(1-X))
0.0000000000,-12.7168967693
0.6931471806,-12.7168967693
1.0986122887,-8.5121051415
1.3862943611,-5.7049220955
1.6094379124,-3.7882918059
1.7917594692,-2.4184488518
1.9459101491,-0.5894298570
2.0794415417,0.5914314837
