# log(t);log(-log(1-X))
0.0000000000,-4.0305326519
0.6931471806,-2.2554514050
1.0986122887,-1.1651526739
1.3862943611,-0.4059117986
1.6094379124,0.1744402156
1.7917594692,0.5923520458
1.9459101491,0.9008894859
