# log(t);log(-log(1-X))
0.0000000000,-8.8387043112
0.6931471806,-6.4655017291
1.0986122887,-4.9101883396
1.3862943611,-3.7223144227
1.6094379124,-2.7634973936
1.7917594692,-1.9878645448
1.9459101491,-1.3128042971
2.0794415417,-0.7543273335
2.1972245773,-0.2906369386
2.3025850930,0.1061752390
2.3978952728,0.4310377504
2.4849066498,0.7070667788
2.5649493575,0.9418529688
