# log(t);log(-log(1-X))
0.0000000000,-6.6602548595
0.6931471806,-5.0800979487
1.0986122887,-4.1007428416
1.3862943611,-3.2596996400
1.6094379124,-2.5379797400
1.7917594692,-1.9518855566
1.9459101491,-1.4562749393
2.0794415417,-1.0347481164
2.1972245773,-0.6506925347
2.3025850930,-0.3117414683
2.3978952728,-0.0155289666
2.4849066498,0.2464928474
2.5649493575,0.4767550951
2.6390573296,0.6775126399
2.7080502011,0.8562074601
2.7725887222,1.0309015976
