# log(t);log(-log(1-X))
0.0000000000,-6.6309804807
0.6931471806,-4.7007814231
1.0986122887,-3.5411531432
1.3862943611,-2.5817996884
1.6094379124,-1.7620009457
1.7917594692,-1.1556226064
1.9459101491,-0.6493332895
2.0794415417,-0.2044387481
2.1972245773,0.1901694050
2.3025850930,0.5140171648
2.3978952728,0.7861679794
2.4849066498,1.0253838209
