# log(t);log(-log(1-X))
0.0000000000,-3.6352303777
0.6931471806,-1.6104291496
1.0986122887,-0.2995421946
1.3862943611,0.5361758713
