# log(t);log(-log(1-X))
0.0000000000,-8.5475553911
0.6931471806,-5.7819342661
1.0986122887,-3.8938390145
1.3862943611,-2.5320933256
1.6094379124,-1.4874471543
1.7917594692,-0.6214382218
1.9459101491,0.1130845804
2.0794415417,0.6729930864
