# log(t);log(-log(1-X))
0.0000000000,-8.8666801634
0.6931471806,-6.5062207956
1.0986122887,-4.9602002861
1.3862943611,-3.7826133659
1.6094379124,-2.8361356251
1.7917594692,-2.0771512285
1.9459101491,-1.4196011292
2.0794415417,-0.8673961360
2.1972245773,-0.3969777718
2.3025850930,0.0197644012
2.3978952728,0.3769631009
2.4849066498,0.6893022166
2.5649493575,0.9557682317
