# log(t);log(-log(1-X))
0.0000000000,-3.8471678820
0.6931471806,-1.5045585270
1.0986122887,-0.2749055287
1.3862943611,0.4974996601
