# log(t);log(-log(1-X))
0.0000000000,-5.5082478114
0.6931471806,-3.4054834580
1.0986122887,-2.2129198300
1.3862943611,-1.4680429921
1.6094379124,-0.8659256226
1.7917594692,-0.3506727153
1.9459101491,0.1146608945
2.0794415417,0.4352905561
2.1972245773,0.7326881748
2.3025850930,0.9987638757
