# log(t);log(-log(1-X))
0.0000000000,-4.2056820554
0.6931471806,-3.0467943805
1.0986122887,-2.2461569450
1.3862943611,-1.5044292292
1.6094379124,-0.9361004194
1.7917594692,-0.5035124789
1.9459101491,-0.1795659623
2.0794415417,0.0976894472
2.1972245773,0.3568240217
2.3025850930,0.5549346200
2.3978952728,0.7313302499
2.4849066498,0.9167050587
