# log(t);log(-log(1-X))
0.0000000000,-6.0615806185
0.6931471806,-4.1834626226
1.0986122887,-3.0609044539
1.3862943611,-2.2402575594
1.6094379124,-1.6191075153
1.7917594692,-1.1195402667
1.9459101491,-0.6982526708
2.0794415417,-0.3291339891
2.1972245773,0.0030864540
2.3025850930,0.3014629029
2.3978952728,0.5690637724
2.4849066498,0.8142482136
2.5649493575,1.0390616640
