# log(t);log(-log(1-X))
0.0000000000,-8.5843084338
0.6931471806,-5.8333389528
1.0986122887,-3.9485986638
1.3862943611,-2.5867734821
1.6094379124,-1.5504188052
1.7917594692,-0.7006376490
1.9459101491,0.0139709056
2.0794415417,0.5672831372
2.1972245773,0.9992592041
