# log(t);log(-log(1-X))
0.0000000000,-4.6572094972
0.6931471806,-3.2243691352
1.0986122887,-2.4496352584
1.3862943611,-1.6936049779
1.6094379124,-1.0740143029
1.7917594692,-0.6278474131
1.9459101491,-0.2634154327
2.0794415417,0.0381072285
2.1972245773,0.3380164824
2.3025850930,0.5533888171
2.3978952728,0.7233688189
2.4849066498,0.8792909351
2.5649493575,1.0285050160
