# log(t);log(-log(1-X))
0.0000000000,-6.0577175840
0.6931471806,-4.1686526816
1.0986122887,-3.0299350715
1.3862943611,-2.1882156980
1.6094379124,-1.5395679586
1.7917594692,-1.0089410479
1.9459101491,-0.5646565611
2.0794415417,-0.1852153895
2.1972245773,0.1403435404
2.3025850930,0.4124063929
2.3978952728,0.6482755342
2.4849066498,0.8492492746
2.5649493575,1.0112759855
