# log(t);log(-log(1-X))
0.0000000000,-2.0272552034
0.6931471806,0.3916434613
