# log(t);log(-log(1-X))
0.0000000000,-9.3728168000
0.6931471806,-7.3412957741
1.0986122887,-6.0198846233
1.3862943611,-4.9531870947
1.6094379124,-4.0385286466
1.7917594692,-3.2946203239
1.9459101491,-2.6600291485
2.0794415417,-2.0950225071
2.1972245773,-1.5815558858
2.3025850930,-1.1235836881
2.3978952728,-0.7156818422
2.4849066498,-0.3476444775
2.5649493575,-0.0173504604
2.6390573296,0.2822614367
2.7080502011,0.5507401678
2.7725887222,0.7885113414
2.8332133441,0.9976800736
