# log(t);log(-log(1-X))
0.0000000000,-12.7168967693
0.6931471806,-12.7168967693
1.0986122887,-8.5579191783
1.3862943611,-5.7937171538
1.6094379124,-3.8938390145
1.7917594692,-2.5279333859
1.9459101491,-0.6132002635
2.0794415417,0.6879597628
