# log(t);log(-log(1-X))
0.0000000000,-6.7248334220
0.6931471806,-5.1414721735
1.0986122887,-4.1443966884
1.3862943611,-3.2857864533
1.6094379124,-2.5527606019
1.7917594692,-1.9476079340
1.9459101491,-1.4369636922
2.0794415417,-0.9940710014
2.1972245773,-0.5882089115
2.3025850930,-0.2266584648
2.3978952728,0.1045758703
2.4849066498,0.4014361110
2.5649493575,0.6652448018
2.6390573296,0.8985405379
