# log(t);log(-log(1-X))
0.0000000000,-12.7168967693
0.6931471806,-12.7168967693
1.0986122887,-9.2511143646
1.3862943611,-7.3108882914
1.6094379124,-6.1379574410
1.7917594692,-5.1616211887
1.9459101491,-3.7001411105
2.0794415417,-2.6945548910
2.1972245773,-1.8844778191
2.3025850930,-1.2420207665
2.3978952728,-0.4632731749
2.4849066498,0.1543467281
2.5649493575,0.6142515162
2.6390573296,0.9487159435
