# log(t);log(-log(1-X))
0.0000000000,-3.6294470301
0.6931471806,-1.3563556624
1.0986122887,-0.1832570911
1.3862943611,0.4961493000
1.6094379124,1.0674453396
