# log(t);log(-log(1-X))
0.0000000000,-8.5579191783
0.6931471806,-5.7871540248
1.0986122887,-3.8846106370
1.3862943611,-2.5179521650
1.6094379124,-1.4820272672
1.7917594692,-0.6578876981
1.9459101491,-0.0114076763
2.0794415417,0.4748135421
2.1972245773,0.8641852918
