# log(t);log(-log(1-X))
0.0000000000,-5.5624493526
0.6931471806,-3.4615107986
1.0986122887,-2.2935877414
1.3862943611,-1.5458466780
1.6094379124,-0.9214939627
1.7917594692,-0.3947643762
1.9459101491,0.0624487206
2.0794415417,0.3685587285
2.1972245773,0.6453240813
2.3025850930,0.8990106342
