# log(t);log(-log(1-X))
0.0000000000,-11.2505547005
0.6931471806,-8.3264518196
1.0986122887,-6.3432683260
1.3862943611,-4.9166323324
1.6094379124,-3.8084643799
1.7917594692,-2.8769382978
1.9459101491,-2.0645460286
2.0794415417,-1.3726621761
2.1972245773,-0.7755109727
2.3025850930,-0.2405309817
2.3978952728,0.2275628205
2.4849066498,0.6334354695
2.5649493575,0.9867598810
