# log(t);log(-log(1-X))
0.0000000000,-12.7168967693
0.6931471806,-12.7168967693
1.0986122887,-9.2721687739
1.3862943611,-7.3599939103
1.6094379124,-6.2131068882
1.7917594692,-5.2615166007
1.9459101491,-3.8538436996
2.0794415417,-2.8828543739
2.1972245773,-2.1003743004
2.3025850930,-1.4785790132
2.3978952728,-0.7176673096
2.4849066498,-0.0917932678
2.5649493575,0.4197179534
2.6390573296,0.8546391830
