# log(t);log(-log(1-X))
0.0000000000,-2.2553772502
0.6931471806,0.3954841662
