# log(t);log(-log(1-X))
0.0000000000,-11.4176097851
0.6931471806,-8.7278332173
1.0986122887,-6.7656794400
1.3862943611,-5.2511067711
1.6094379124,-4.0547115763
1.7917594692,-3.0659050077
1.9459101491,-2.2109022195
2.0794415417,-1.4699353633
2.1972245773,-0.8336361711
2.3025850930,-0.2838689007
2.3978952728,0.1943474650
2.4849066498,0.6064215503
2.5649493575,0.9637085794
