# log(t);log(-log(1-X))
0.0000000000,-12.7168967693
0.6931471806,-12.7168967693
1.0986122887,-8.5631416223
1.3862943611,-5.7976757433
1.6094379124,-3.9032021519
1.7917594692,-2.5408182409
1.9459101491,-0.6417010822
2.0794415417,0.6088331801
