# log(t);log(-log(1-X))
0.0000000000,-3.6530160325
0.6931471806,-1.6158560283
1.0986122887,-0.3468383590
1.3862943611,0.5297865544
