# log(t);log(-log(1-X))
0.0000000000,-6.6439712266
0.6931471806,-4.7217620728
1.0986122887,-3.5653045276
1.3862943611,-2.6072802573
1.6094379124,-1.7884416609
1.7917594692,-1.1847444630
1.9459101491,-0.6813354015
2.0794415417,-0.2409023262
2.1972245773,0.1499551597
2.3025850930,0.4740003248
2.3978952728,0.7509274696
2.4849066498,1.0011441875
