# log(t);log(-log(1-X))
0.0000000000,-8.5475553911
0.6931471806,-5.7664360073
1.0986122887,-3.8660589884
1.3862943611,-2.5098084107
1.6094379124,-1.5020311469
1.7917594692,-0.6897350611
1.9459101491,-0.0193106692
2.0794415417,0.5055064467
2.1972245773,0.9381390393
