# log(t);log(-log(1-X))
0.0000000000,-6.0693516412
0.6931471806,-4.1944442311
1.0986122887,-3.0679749827
1.3862943611,-2.2375019154
1.6094379124,-1.6046545747
1.7917594692,-1.0887457719
1.9459101491,-0.6525859733
2.0794415417,-0.2716849268
2.1972245773,0.0675755942
2.3025850930,0.3756401661
2.3978952728,0.6611465055
2.4849066498,0.9199457487
