# log(t);log(-log(1-X))
0.0000000000,-1.9206687442
0.6931471806,0.4120076610
