# log(t);log(-log(1-X))
0.0000000000,-4.1271127056
0.6931471806,-3.0120599640
1.0986122887,-2.2503673273
1.3862943611,-1.5548787995
1.6094379124,-1.0502759293
1.7917594692,-0.5935873090
1.9459101491,-0.2005788211
2.0794415417,0.1635255942
2.1972245773,0.4734015318
2.3025850930,0.7626141938
