# log(t);log(-log(1-X))
0.0000000000,-3.9090853189
0.6931471806,-2.1710559863
1.0986122887,-1.1131806934
1.3862943611,-0.3443408861
1.6094379124,0.2477658168
1.7917594692,0.6881545837
1.9459101491,1.0394082952
