# log(t);log(-log(1-X))
0.0000000000,-11.3305979081
0.6931471806,-8.5424134915
1.0986122887,-6.6032759418
1.3862943611,-5.1337631302
1.6094379124,-3.9606718858
1.7917594692,-2.9953869981
1.9459101491,-2.1704861759
2.0794415417,-1.4708004276
2.1972245773,-0.8878673375
2.3025850930,-0.3971088784
2.3978952728,0.0312584151
2.4849066498,0.4252214555
2.5649493575,0.7929456947
