#id,creation_time,radius,volume,volume_perc,center_x,center_y
0,0,11,1,0.000400,8,16,
1,0,11,1,0.000400,25,43,
2,0,11,1,0.000400,1,37,
3,0,11,1,0.000400,40,49,
4,0,11,1,0.000400,25,2,
5,0,11,1,0.000400,45,12,
6,0,11,1,0.000400,18,25,
7,0,11,1,0.000400,11,0,
8,0,11,1,0.000400,9,48,
9,0,11,1,0.000400,39,24,
10,0,11,1,0.000400,48,32,
11,0,11,1,0.000400,28,5,
12,0,11,1,0.000400,12,30,
13,0,11,1,0.000400,11,1,
14,0,11,1,0.000400,7,22,
15,0,11,1,0.000400,15,17,
