# log(t);log(-log(1-X))
0.0000000000,-2.9142441829
0.6931471806,-2.0821924853
1.0986122887,-1.5157214471
1.3862943611,-0.8855439873
1.6094379124,-0.5303026254
1.7917594692,-0.1410413476
1.9459101491,0.1701462558
2.0794415417,0.4896123170
2.1972245773,0.8533860578
