# log(t);log(-log(1-X))
0.0000000000,-6.0833173314
0.6931471806,-4.2263124425
1.0986122887,-3.1175279641
1.3862943611,-2.2907411051
1.6094379124,-1.6543822280
1.7917594692,-1.1397052706
1.9459101491,-0.7106088648
2.0794415417,-0.3397578271
2.1972245773,-0.0052913202
2.3025850930,0.2928539273
2.3978952728,0.5562427313
2.4849066498,0.7756180585
2.5649493575,0.9512207704
