# log(t);log(-log(1-X))
0.0000000000,-6.7938663322
0.6931471806,-5.2097765064
1.0986122887,-4.2024197597
1.3862943611,-3.3442310473
1.6094379124,-2.6170478585
1.7917594692,-2.0106148277
1.9459101491,-1.4939488396
2.0794415417,-1.0539141164
2.1972245773,-0.6557368962
2.3025850930,-0.3024140986
2.3978952728,0.0123071727
2.4849066498,0.2912952743
2.5649493575,0.5433706411
2.6390573296,0.7758645517
2.7080502011,0.9886269991
