# log(t);log(-log(1-X))
0.0000000000,-8.8809671208
0.6931471806,-6.5279032011
1.0986122887,-4.9827120582
1.3862943611,-3.8049214144
1.6094379124,-2.8649813527
1.7917594692,-2.1131316434
1.9459101491,-1.4629375105
2.0794415417,-0.9216922604
2.1972245773,-0.4586406005
2.3025850930,-0.0428192454
2.3978952728,0.3194220978
2.4849066498,0.6458466361
2.5649493575,0.9301474494
