# log(t);log(-log(1-X))
0.0000000000,-6.7587549933
0.6931471806,-5.1693707644
1.0986122887,-4.1397928321
1.3862943611,-3.2789274075
1.6094379124,-2.5436917169
1.7917594692,-1.9302700086
1.9459101491,-1.4033690883
2.0794415417,-0.9550516453
2.1972245773,-0.5592497694
2.3025850930,-0.2118476975
2.3978952728,0.0931885981
2.4849066498,0.3634937294
2.5649493575,0.6062714111
2.6390573296,0.8109269464
2.7080502011,0.9823609854
