# log(t);log(-log(1-X))
0.0000000000,-4.1271127056
0.6931471806,-3.0380025297
1.0986122887,-2.2802930762
1.3862943611,-1.5904628810
1.6094379124,-1.1014145997
1.7917594692,-0.6587175187
1.9459101491,-0.3217984509
2.0794415417,0.0116329903
2.1972245773,0.2922297973
2.3025850930,0.5405920490
2.3978952728,0.8100840395
2.4849066498,1.0661115089
