#id,creation_time,radius,volume,volume_perc,center_x,center_y
0,0,14,1,0.000400,10,24,
1,0,14,1,0.000400,39,2,
2,0,14,1,0.000400,41,49,
3,0,14,1,0.000400,39,15,
4,0,14,1,0.000400,39,28,
5,0,14,1,0.000400,38,48,
6,0,14,1,0.000400,37,6,
7,0,14,1,0.000400,17,7,
8,0,14,1,0.000400,2,41,
9,0,14,1,0.000400,19,20,
10,0,14,1,0.000400,26,28,
11,0,14,1,0.000400,22,13,
12,0,14,1,0.000400,12,1,
13,0,14,1,0.000400,46,30,
14,0,14,1,0.000400,5,40,
15,0,14,1,0.000400,47,15,
