# log(t);log(-log(1-X))
0.0000000000,0.4858568591
