# log(t);log(-log(1-X))
0.0000000000,-2.8464000734
0.6931471806,-2.0220093001
1.0986122887,-1.4667592811
1.3862943611,-0.8564948592
1.6094379124,-0.5290785486
1.7917594692,-0.1983632912
1.9459101491,0.0595101223
2.0794415417,0.3151180006
2.1972245773,0.5827516712
2.3025850930,0.7562693266
2.3978952728,0.9305008798
2.4849066498,1.0711627169
