# log(t);log(-log(1-X))
0.0000000000,-12.7168967693
0.6931471806,-12.7168967693
1.0986122887,-9.2407510775
1.3862943611,-7.3168963166
1.6094379124,-6.1609607214
1.7917594692,-5.2057354085
1.9459101491,-3.7790690796
2.0794415417,-2.7852663285
2.1972245773,-1.9734630005
2.3025850930,-1.3201883582
2.3978952728,-0.5268186837
2.4849066498,0.1196627851
2.5649493575,0.6193705221
2.6390573296,1.0022792387
