#id,creation_time,radius,volume,volume_perc,center_x,center_y
0,0,18,1,0.000400,19,13,
1,0,18,1,0.000400,30,29,
2,0,18,1,0.000400,1,32,
3,0,18,1,0.000400,25,27,
4,0,18,1,0.000400,29,24,
5,0,18,1,0.000400,4,0,
6,0,18,1,0.000400,39,15,
7,0,18,1,0.000400,10,31,
8,0,18,1,0.000400,45,13,
9,0,18,1,0.000400,25,29,
10,0,18,1,0.000400,21,5,
11,0,18,1,0.000400,24,37,
12,0,18,1,0.000400,8,20,
13,0,18,1,0.000400,34,6,
14,0,18,1,0.000400,15,34,
15,0,18,1,0.000400,5,37,
