# log(t);log(-log(1-X))
0.0000000000,-2.8685356566
0.6931471806,-2.0082948369
1.0986122887,-1.4451007195
1.3862943611,-0.8364461459
1.6094379124,-0.5120053108
1.7917594692,-0.1861934000
1.9459101491,0.0410017750
2.0794415417,0.2335019929
2.1972245773,0.4148395191
2.3025850930,0.5276802634
2.3978952728,0.6361279533
2.4849066498,0.7344105650
2.5649493575,0.8322972278
2.6390573296,0.9089485474
2.7080502011,0.9631893267
2.7725887222,1.0367722407
