# log(t);log(-log(1-X))
0.0000000000,-3.6546410800
0.6931471806,-1.6349635369
1.0986122887,-0.3354466857
1.3862943611,0.5036494174
