# log(t);log(-log(1-X))
0.0000000000,-12.7168967693
0.6931471806,-12.7168967693
1.0986122887,-8.8881878688
1.3862943611,-6.5542760377
1.6094379124,-5.0302277080
1.7917594692,-3.8653277848
1.9459101491,-2.1677492034
2.0794415417,-0.9808553314
2.1972245773,-0.1190219511
2.3025850930,0.5034945035
