# log(t);log(-log(1-X))
0.0000000000,-8.5022030703
0.6931471806,-5.6799232454
1.0986122887,-3.7614854232
1.3862943611,-2.3942305080
1.6094379124,-1.3638653153
1.7917594692,-0.5383663750
1.9459101491,0.1278282095
2.0794415417,0.6313732413
2.1972245773,1.0340125994
