# log(t);log(-log(1-X))
0.0000000000,-5.9551876796
0.6931471806,-3.2627891976
1.0986122887,-1.6056161691
1.3862943611,-0.4586852500
1.6094379124,0.3478529005
1.7917594692,0.9530595273
