# log(t);log(-log(1-X))
0.0000000000,-8.5221062250
0.6931471806,-5.7274730778
1.0986122887,-3.8226668062
1.3862943611,-2.4682557958
1.6094379124,-1.4566053639
1.7917594692,-0.6363662573
1.9459101491,0.0302793654
2.0794415417,0.5329695572
2.1972245773,0.9322659247
