# log(t);log(-log(1-X))
0.0000000000,-8.5631416223
0.6931471806,-5.7881357608
1.0986122887,-3.8764989752
1.3862943611,-2.5084481385
1.6094379124,-1.4702035811
1.7917594692,-0.6185954385
1.9459101491,0.0920910007
2.0794415417,0.6481339662
2.1972245773,1.0895428145
