# log(t);log(-log(1-X))
0.0000000000,-9.3846517577
0.6931471806,-7.3521605154
1.0986122887,-6.0174124802
1.3862943611,-4.9402907629
1.6094379124,-4.0181739019
1.7917594692,-3.2664870343
1.9459101491,-2.6291372082
2.0794415417,-2.0708447673
2.1972245773,-1.5715673027
2.3025850930,-1.1305355546
2.3978952728,-0.7396560992
2.4849066498,-0.3893947851
2.5649493575,-0.0753651695
2.6390573296,0.2130224200
2.7080502011,0.4821694573
2.7725887222,0.7379231080
2.8332133441,0.9830756352
