# log(t);log(-log(1-X))
0.0000000000,-1.9123689738
0.6931471806,0.4799380118
