# log(t);log(-log(1-X))
0.0000000000,-9.3846517577
0.6931471806,-7.3521605154
1.0986122887,-6.0174124802
1.3862943611,-4.9373379912
1.6094379124,-4.0140498413
1.7917594692,-3.2623007620
1.9459101491,-2.6259535803
2.0794415417,-2.0649845610
2.1972245773,-1.5605699351
2.3025850930,-1.1113891636
2.3978952728,-0.7068699817
2.4849066498,-0.3371481926
2.5649493575,-0.0013688152
2.6390573296,0.3022806130
2.7080502011,0.5704953373
2.7725887222,0.8078924185
2.8332133441,1.0233010513
