# log(t);log(-log(1-X))
0.0000000000,-11.2505547005
0.6931471806,-8.4127221658
1.0986122887,-6.4220504873
1.3862943611,-4.9697244903
1.6094379124,-3.8652303306
1.7917594692,-2.9439088028
1.9459101491,-2.1458485399
2.0794415417,-1.4831713572
2.1972245773,-0.9211797279
2.3025850930,-0.4291013395
2.3978952728,0.0080229351
2.4849066498,0.3901749962
2.5649493575,0.7238796853
2.6390573296,1.0253255377
