# log(t);log(-log(1-X))
0.0000000000,-12.7168967693
0.6931471806,-12.7168967693
1.0986122887,-9.2511143646
1.3862943611,-7.3320761174
1.6094379124,-6.1762734147
1.7917594692,-5.2138339111
1.9459101491,-3.7624544093
2.0794415417,-2.7480729332
2.1972245773,-1.9250866536
2.3025850930,-1.2682777026
2.3978952728,-0.4822234129
2.4849066498,0.1344137214
2.5649493575,0.5989645262
2.6390573296,0.9690735466
