# log(t);log(-log(1-X))
0.0000000000,-5.9715642294
0.6931471806,-3.2519888024
1.0986122887,-1.5818426114
1.3862943611,-0.4107926619
1.6094379124,0.4492187924
1.7917594692,1.0544160588
