#id,creation_time,radius,volume,volume_perc,center_x,center_y
0,0,13,1,0.000400,14,16,
1,0,13,1,0.000400,24,38,
2,0,13,1,0.000400,38,49,
3,0,13,1,0.000400,11,0,
4,0,13,1,0.000400,23,1,
5,0,13,1,0.000400,46,3,
6,0,13,1,0.000400,48,19,
7,0,13,1,0.000400,20,17,
8,0,13,1,0.000400,35,24,
9,0,13,1,0.000400,25,17,
10,0,13,1,0.000400,36,5,
11,0,13,1,0.000400,15,7,
12,0,13,1,0.000400,2,35,
13,0,13,1,0.000400,7,25,
14,0,13,1,0.000400,5,47,
15,0,13,1,0.000400,25,21,
