# log(t);log(-log(1-X))
0.0000000000,-2.8685356566
0.6931471806,-2.0185653688
1.0986122887,-1.4537210372
1.3862943611,-0.8236771670
1.6094379124,-0.4614638889
1.7917594692,-0.1147397868
1.9459101491,0.1503072493
2.0794415417,0.4052564520
2.1972245773,0.6833501428
2.3025850930,0.8732581215
2.3978952728,1.0788326511
