# log(t);log(-log(1-X))
0.0000000000,-12.7168967693
0.6931471806,-12.7168967693
1.0986122887,-8.8954611282
1.3862943611,-6.5465701080
1.6094379124,-5.0076940851
1.7917594692,-3.8364059259
1.9459101491,-2.1527503852
2.0794415417,-0.9856777286
2.1972245773,-0.1513530205
2.3025850930,0.4377108339
2.3978952728,1.0274509750
