# log(t);log(-log(1-X))
0.0000000000,-6.6920235788
0.6931471806,-5.0878941327
1.0986122887,-4.0870828655
1.3862943611,-3.2442280486
1.6094379124,-2.5232892970
1.7917594692,-1.9328224128
1.9459101491,-1.4274773283
2.0794415417,-0.9794901396
2.1972245773,-0.5678917669
2.3025850930,-0.2126693960
2.3978952728,0.0914630745
2.4849066498,0.3706531653
2.5649493575,0.6218779554
2.6390573296,0.8418900058
2.7080502011,1.0266792766
