#id,creation_time,radius,volume,volume_perc,center_x,center_y
0,0,13,1,0.000400,22,5,
1,0,13,1,0.000400,30,1,
2,0,13,1,0.000400,11,25,
3,0,13,1,0.000400,17,40,
4,0,13,1,0.000400,14,38,
5,0,13,1,0.000400,49,12,
6,0,13,1,0.000400,31,29,
7,0,13,1,0.000400,13,7,
8,0,13,1,0.000400,43,7,
9,0,13,1,0.000400,44,34,
10,0,13,1,0.000400,23,8,
11,0,13,1,0.000400,0,10,
12,0,13,1,0.000400,27,40,
13,0,13,1,0.000400,32,12,
14,0,13,1,0.000400,45,12,
15,0,13,1,0.000400,2,18,
