# log(t);log(-log(1-X))
0.0000000000,-2.8685356566
0.6931471806,-2.0428920220
1.0986122887,-1.4865653600
1.3862943611,-0.8407230450
1.6094379124,-0.4734092176
1.7917594692,-0.1048968646
1.9459101491,0.1591161633
2.0794415417,0.4004821544
2.1972245773,0.6818876472
2.3025850930,0.8677844136
2.3978952728,1.0415527255
