# log(t);log(-log(1-X))
0.0000000000,-12.7168967693
0.6931471806,-12.7168967693
1.0986122887,-8.8954611282
1.3862943611,-6.5458725004
1.6094379124,-4.9994470017
1.7917594692,-3.8140568156
1.9459101491,-2.0925347969
2.0794415417,-0.8562356244
2.1972245773,0.0621300510
2.3025850930,0.7268703878
