#id,creation_time,radius,volume,volume_perc,center_r1,center_r2,center_r3,center_r4
0,0,11,1,0.000003,15,12,16,2,
1,0,11,1,0.000003,0,14,14,10,
2,0,11,1,0.000003,5,24,10,9,
3,0,11,1,0.000003,19,9,22,13,
4,0,11,1,0.000003,0,0,11,13,
5,0,11,1,0.000003,5,21,1,7,
6,0,11,1,0.000003,23,13,22,14,
7,0,11,1,0.000003,1,15,1,18,
8,0,11,1,0.000003,2,19,20,2,
9,0,11,1,0.000003,11,9,15,16,
10,0,11,1,0.000003,10,0,3,4,
11,0,11,1,0.000003,10,0,19,10,
12,0,11,1,0.000003,2,5,1,10,
13,0,11,1,0.000003,4,2,19,2,
14,0,11,1,0.000003,18,16,18,19,
15,0,11,1,0.000003,6,21,14,11,
16,0,11,1,0.000003,18,9,15,4,
17,0,11,1,0.000003,20,5,20,6,
18,0,11,1,0.000003,6,0,12,18,
19,0,11,1,0.000003,1,7,3,5,
20,0,11,1,0.000003,12,6,15,18,
21,0,11,1,0.000003,9,11,21,4,
22,0,11,1,0.000003,3,16,0,11,
23,0,11,1,0.000003,13,14,24,6,
24,0,11,1,0.000003,23,15,10,18,
25,0,11,1,0.000003,20,7,1,1,
26,0,11,1,0.000003,8,14,19,11,
27,0,11,1,0.000003,23,0,16,12,
28,0,11,1,0.000003,6,9,6,17,
29,0,11,1,0.000003,20,4,21,0,
30,0,11,1,0.000003,20,21,12,8,
31,0,11,1,0.000003,10,11,16,10,
32,0,11,1,0.000003,3,3,6,24,
33,0,11,1,0.000003,11,7,2,21,
34,0,11,1,0.000003,23,24,9,21,
35,0,11,1,0.000003,1,0,9,7,
36,0,11,1,0.000003,11,17,2,7,
37,0,11,1,0.000003,21,0,7,16,
38,0,11,1,0.000003,22,21,2,9,
39,0,11,1,0.000003,10,18,22,13,
40,0,11,1,0.000003,22,3,14,10,
41,0,11,1,0.000003,12,17,8,13,
42,0,11,1,0.000003,18,17,9,19,
43,0,11,1,0.000003,19,20,1,6,
44,0,11,1,0.000003,12,5,15,8,
45,0,11,1,0.000003,6,22,2,5,
46,0,11,1,0.000003,21,4,14,6,
47,0,11,1,0.000003,24,13,19,21,
48,0,11,1,0.000003,18,11,8,6,
49,0,11,1,0.000003,3,16,19,21,
