# log(t);log(-log(1-X))
0.0000000000,-6.6416664609
0.6931471806,-4.7190448420
1.0986122887,-3.5620006674
1.3862943611,-2.6010204777
1.6094379124,-1.7791681951
1.7917594692,-1.1711919704
1.9459101491,-0.6546137927
2.0794415417,-0.1910471929
2.1972245773,0.2210688605
2.3025850930,0.5559344402
2.3978952728,0.8381082679
2.4849066498,1.0908728382
