# log(t);log(-log(1-X))
0.0000000000,-3.6390520203
0.6931471806,-1.5735954964
1.0986122887,-0.1891754042
1.3862943611,0.6914870666
