# log(t);log(-log(1-X))
0.0000000000,-12.7168967693
0.6931471806,-12.7168967693
1.0986122887,-8.8525944234
1.3862943611,-6.4830311014
1.6094379124,-4.9331347057
1.7917594692,-3.7530675176
1.9459101491,-2.0522727934
2.0794415417,-0.8627462088
2.1972245773,-0.0106818509
2.3025850930,0.6217673208
