# log(t);log(-log(1-X))
0.0000000000,-5.5975696009
0.6931471806,-3.4914684936
1.0986122887,-2.2385449220
1.3862943611,-1.4479660517
1.6094379124,-0.7725362474
1.7917594692,-0.2125805575
1.9459101491,0.2496184788
2.0794415417,0.5430717406
2.1972245773,0.8151167296
2.3025850930,1.0687320496
