#id,creation_time,radius,volume,volume_perc,center_x,center_y
0,0,17,1,0.000400,40,38,
1,0,17,1,0.000400,8,10,
2,0,17,1,0.000400,39,43,
3,0,17,1,0.000400,48,49,
4,0,17,1,0.000400,32,19,
5,0,17,1,0.000400,46,36,
6,0,17,1,0.000400,35,23,
7,0,17,1,0.000400,46,3,
8,0,17,1,0.000400,22,40,
9,0,17,1,0.000400,10,19,
10,0,17,1,0.000400,38,11,
11,0,17,1,0.000400,44,26,
12,0,17,1,0.000400,48,44,
13,0,17,1,0.000400,19,17,
14,0,17,1,0.000400,20,27,
15,0,17,1,0.000400,31,12,
