# log(t);log(-log(1-X))
0.0000000000,-2.8464000734
0.6931471806,-1.9780195345
1.0986122887,-1.4028281401
1.3862943611,-0.7762407670
1.6094379124,-0.4543219954
1.7917594692,-0.1366518603
1.9459101491,0.0758582679
2.0794415417,0.2763141650
2.1972245773,0.4933767051
2.3025850930,0.6249800260
2.3978952728,0.7484016411
2.4849066498,0.8392618037
2.5649493575,0.9344965365
2.6390573296,1.0134689145
2.7080502011,1.0788326511
