# log(t);log(-log(1-X))
0.0000000000,-8.8881878688
0.6931471806,-6.5340869230
1.0986122887,-4.9942338149
1.3862943611,-3.8251000236
1.6094379124,-2.8935834844
1.7917594692,-2.1483980912
1.9459101491,-1.4957678284
2.0794415417,-0.9393572185
2.1972245773,-0.4613089487
2.3025850930,-0.0398048518
2.3978952728,0.3177479391
2.4849066498,0.6281982409
2.5649493575,0.8940221796
