# log(t);log(-log(1-X))
0.0000000000,-8.8666801634
0.6931471806,-6.5008727565
1.0986122887,-4.9443826837
1.3862943611,-3.7584083728
1.6094379124,-2.8143042100
1.7917594692,-2.0620344167
1.9459101491,-1.4140458936
2.0794415417,-0.8746184053
2.1972245773,-0.4179280816
2.3025850930,-0.0114185502
2.3978952728,0.3403159524
2.4849066498,0.6466238653
2.5649493575,0.9003657434
