# log(t);log(-log(1-X))
0.0000000000,-4.0096616887
0.6931471806,-2.2937302646
1.0986122887,-1.3839964825
1.3862943611,-0.6944182220
1.6094379124,-0.1459688260
1.7917594692,0.3071804035
1.9459101491,0.6756770310
2.0794415417,0.9886434033
