# log(t);log(-log(1-X))
0.0000000000,-12.7168967693
0.6931471806,-12.7168967693
1.0986122887,-9.2511143646
1.3862943611,-7.3229406322
1.6094379124,-6.1623863875
1.7917594692,-5.2051856059
1.9459101491,-3.7738869552
2.0794415417,-2.7864562513
2.1972245773,-1.9950445216
2.3025850930,-1.3659023097
2.3978952728,-0.6045507195
2.4849066498,-0.0011268880
2.5649493575,0.4779864550
2.6390573296,0.8608288827
