#id,creation_time,radius,volume,volume_perc,center_r1,center_r2,center_r3,center_r4,center_r5
0,0,28,1,0.000000,0,13,23,9,21,
1,0,28,1,0.000000,16,6,20,15,24,
2,0,28,1,0.000000,22,20,20,13,25,
3,1,20,1,0.000000,26,22,20,13,6,
4,1,20,1,0.000000,10,10,8,16,9,
5,1,20,1,0.000000,1,15,19,0,9,
6,2,14,1,0.000000,14,0,22,9,21,
7,2,14,1,0.000000,27,25,11,19,24,
8,2,14,1,0.000000,8,26,1,0,23,
9,3,9,1,0.000000,8,12,6,16,0,
10,3,9,1,0.000000,27,1,27,18,1,
11,4,5,1,0.000000,7,25,6,18,1,
