# log(t);log(-log(1-X))
0.0000000000,-3.5573352722
0.6931471806,-1.3641784981
1.0986122887,-0.2141687743
1.3862943611,0.5943405048
