# log(t);log(-log(1-X))
0.0000000000,-12.7168967693
0.6931471806,-12.7168967693
1.0986122887,-8.9101682757
1.3862943611,-6.5720132277
1.6094379124,-5.0351668821
1.7917594692,-3.8553867751
1.9459101491,-2.1539693231
2.0794415417,-0.9414726841
2.1972245773,-0.0715795149
2.3025850930,0.5722272510
