# log(t);log(-log(1-X))
0.0000000000,-12.7168967693
0.6931471806,-12.7168967693
1.0986122887,-8.8954611282
1.3862943611,-6.5437825885
1.6094379124,-4.9954230228
1.7917594692,-3.8052429954
1.9459101491,-2.0813295426
2.0794415417,-0.8939693405
2.1972245773,-0.0475864749
2.3025850930,0.5798827829
