# log(t);log(-log(1-X))
0.0000000000,-3.7422526049
0.6931471806,-1.7217205939
1.0986122887,-0.5115982119
1.3862943611,0.3091232380
1.6094379124,1.0620990145
