# log(t);log(-log(1-X))
0.0000000000,-9.3728168000
0.6931471806,-7.3428406762
1.0986122887,-6.0273378446
1.3862943611,-4.9636532199
1.6094379124,-4.0535387075
1.7917594692,-3.3149397641
1.9459101491,-2.6838574660
2.0794415417,-2.1228462129
2.1972245773,-1.6160340568
2.3025850930,-1.1657835176
2.3978952728,-0.7614803668
2.4849066498,-0.3921220435
2.5649493575,-0.0561604187
2.6390573296,0.2523641218
2.7080502011,0.5343990698
2.7725887222,0.7914416113
2.8332133441,1.0283878018
