# log(t);log(-log(1-X))
0.0000000000,-12.7168967693
0.6931471806,-12.7168967693
1.0986122887,-9.2511143646
1.3862943611,-7.3290216793
1.6094379124,-6.1719430169
1.7917594692,-5.2147583364
1.9459101491,-3.7851332274
2.0794415417,-2.7903283730
2.1972245773,-1.9900264488
2.3025850930,-1.3561095761
2.3978952728,-0.5890154772
2.4849066498,0.0464191299
2.5649493575,0.5752387314
2.6390573296,0.9970141169
