# log(t);log(-log(1-X))
0.0000000000,-8.5424134915
0.6931471806,-5.7638760850
1.0986122887,-3.8584799360
1.3862943611,-2.4861018384
1.6094379124,-1.4577218434
1.7917594692,-0.6337567287
1.9459101491,0.0430749632
2.0794415417,0.5745633621
2.1972245773,1.0151721109
