# log(t);log(-log(1-X))
0.0000000000,-5.8113200311
0.6931471806,-3.8651816069
1.0986122887,-2.7991797588
1.3862943611,-2.0956935571
1.6094379124,-1.4907523026
1.7917594692,-0.9427455485
1.9459101491,-0.4299261295
2.0794415417,-0.0787510622
2.1972245773,0.2471391107
2.3025850930,0.5525511541
2.3978952728,0.8229337907
2.4849066498,1.0515410831
