# log(t);log(-log(1-X))
0.0000000000,-5.9598394616
0.6931471806,-3.2549208106
1.0986122887,-1.6060302475
1.3862943611,-0.4640037906
1.6094379124,0.3645662006
1.7917594692,0.9769905335
