# log(t);log(-log(1-X))
0.0000000000,-4.6606183329
0.6931471806,-3.2287729555
1.0986122887,-2.4488273293
1.3862943611,-1.6925595227
1.6094379124,-1.0709198491
1.7917594692,-0.6089899985
1.9459101491,-0.2125583481
2.0794415417,0.1227032454
2.1972245773,0.4595374290
2.3025850930,0.7218454890
2.3978952728,0.9538233948
