# log(t);log(-log(1-X))
0.0000000000,-1.4576188271
0.6931471806,0.0257706634
1.0986122887,0.9772748212
