# log(t);log(-log(1-X))
0.0000000000,-8.8954611282
0.6931471806,-6.5493654083
1.0986122887,-5.0072424979
1.3862943611,-3.8321515446
1.6094379124,-2.8978674303
1.7917594692,-2.1594611323
1.9459101491,-1.5227386910
2.0794415417,-0.9900737008
2.1972245773,-0.5345549682
2.3025850930,-0.1304120338
2.3978952728,0.2134625356
2.4849066498,0.5179284561
2.5649493575,0.7908366277
2.6390573296,1.0454860847
