# log(t);log(-log(1-X))
0.0000000000,-12.7168967693
0.6931471806,-12.7168967693
1.0986122887,-8.9027876684
1.3862943611,-6.5563879869
1.6094379124,-5.0182890398
1.7917594692,-3.8525916646
1.9459101491,-2.2014636486
2.0794415417,-1.0335119560
2.1972245773,-0.1570905715
2.3025850930,0.5163110461
