# log(t);log(-log(1-X))
0.0000000000,-8.8809671208
0.6931471806,-6.5299602021
1.0986122887,-4.9969115108
1.3862943611,-3.8286667148
1.6094379124,-2.8882718062
1.7917594692,-2.1309360756
1.9459101491,-1.4711783897
2.0794415417,-0.9131867255
2.1972245773,-0.4333486052
2.3025850930,-0.0116197163
2.3978952728,0.3424114084
2.4849066498,0.6467192903
2.5649493575,0.9038442381
