# log(t);log(-log(1-X))
0.0000000000,-12.7168967693
0.6931471806,-12.7168967693
1.0986122887,-9.2511143646
1.3862943611,-7.3168963166
1.6094379124,-6.1557505631
1.7917594692,-5.1944334683
1.9459101491,-3.7473635103
2.0794415417,-2.7346746258
2.1972245773,-1.9104245925
2.3025850930,-1.2528966772
2.3978952728,-0.4860040037
2.4849066498,0.1050406148
2.5649493575,0.5736789311
2.6390573296,0.9281251348
