# log(t);log(-log(1-X))
0.0000000000,-4.0830927973
0.6931471806,-2.3351363326
1.0986122887,-1.2803060220
1.3862943611,-0.4916490676
1.6094379124,0.1159500839
1.7917594692,0.5509949983
1.9459101491,0.9612002788
