#id,creation_time,radius,volume,volume_perc,center_x,center_y
0,0,13,1,0.000400,7,17,
1,0,13,1,0.000400,1,1,
2,0,13,1,0.000400,19,15,
3,0,13,1,0.000400,48,29,
4,0,13,1,0.000400,14,14,
5,0,13,1,0.000400,4,37,
6,0,13,1,0.000400,34,35,
7,0,13,1,0.000400,8,26,
8,0,13,1,0.000400,39,13,
9,0,13,1,0.000400,19,1,
10,0,13,1,0.000400,2,11,
11,0,13,1,0.000400,32,36,
12,0,13,1,0.000400,23,46,
13,0,13,1,0.000400,26,29,
14,0,13,1,0.000400,18,10,
15,0,13,1,0.000400,21,27,
