# log(t);log(-log(1-X))
0.0000000000,-2.8391229656
0.6931471806,-2.0082948369
1.0986122887,-1.4602238435
1.3862943611,-0.8478744213
1.6094379124,-0.5241883770
1.7917594692,-0.1839834368
1.9459101491,0.0660471534
2.0794415417,0.3036506637
2.1972245773,0.5894645129
2.3025850930,0.7967158669
2.3978952728,0.9695130424
