# log(t);log(-log(1-X))
0.0000000000,-9.4087503093
0.6931471806,-7.3887130209
1.0986122887,-6.0607208788
1.3862943611,-4.9897867532
1.6094379124,-4.0730660730
1.7917594692,-3.3236521340
1.9459101491,-2.6887596836
2.0794415417,-2.1272431233
2.1972245773,-1.6204252736
2.3025850930,-1.1686871768
2.3978952728,-0.7636097110
2.4849066498,-0.3946770381
2.5649493575,-0.0638340818
2.6390573296,0.2309467194
2.7080502011,0.4933452980
2.7725887222,0.7340326742
2.8332133441,0.9594676937
