# log(t);log(-log(1-X))
0.0000000000,-3.7672688706
0.6931471806,-2.0101965438
1.0986122887,-0.9324282039
1.3862943611,-0.1951191313
1.6094379124,0.3175035192
1.7917594692,0.6985977590
1.9459101491,1.0299193935
