# log(t);log(-log(1-X))
0.0000000000,-3.7926394883
0.6931471806,-2.1548601716
1.0986122887,-1.0810537733
1.3862943611,-0.2710382919
1.6094379124,0.3425536857
1.7917594692,0.7749153376
