# log(t);log(-log(1-X))
0.0000000000,-12.7168967693
0.6931471806,-12.7168967693
1.0986122887,-9.2511143646
1.3862943611,-7.3168963166
1.6094379124,-6.1543342995
1.7917594692,-5.1895510834
1.9459101491,-3.7307386509
2.0794415417,-2.7255250821
2.1972245773,-1.9231210806
2.3025850930,-1.2786443301
2.3978952728,-0.5013604558
2.4849066498,0.0934807644
2.5649493575,0.5255674252
2.6390573296,0.8619099116
