# log(t);log(-log(1-X))
0.0000000000,-4.2908466355
0.6931471806,-3.1683543883
1.0986122887,-2.3705219709
1.3862943611,-1.6750762466
1.6094379124,-1.1491534519
1.7917594692,-0.6848197876
1.9459101491,-0.2787538318
2.0794415417,0.0660471534
2.1972245773,0.3697129230
2.3025850930,0.6403369388
2.3978952728,0.9167050587
