# log(t);log(-log(1-X))
0.0000000000,-3.9025449398
0.6931471806,-1.4437964660
1.0986122887,-0.1584136029
1.3862943611,0.5537914725
