# log(t);log(-log(1-X))
0.0000000000,-1.4414113817
0.6931471806,-0.0387847190
1.0986122887,0.8256012526
