# log(t);log(-log(1-X))
0.0000000000,-4.6572094972
0.6931471806,-3.2331954804
1.0986122887,-2.4547998760
1.3862943611,-1.6964321715
1.6094379124,-1.0726638197
1.7917594692,-0.6026644430
1.9459101491,-0.1970786890
2.0794415417,0.1520459876
2.1972245773,0.5086530746
2.3025850930,0.7695508840
2.3978952728,0.9849638194
