# log(t);log(-log(1-X))
0.0000000000,-6.0568611500
0.6931471806,-4.1673408073
1.0986122887,-3.0414226014
1.3862943611,-2.2141341808
1.6094379124,-1.5867509592
1.7917594692,-1.0800650361
1.9459101491,-0.6537209209
2.0794415417,-0.3005332408
2.1972245773,0.0007215440
2.3025850930,0.2696368990
2.3978952728,0.5051994219
2.4849066498,0.7158786299
2.5649493575,0.9071579019
2.6390573296,1.0795350077
