# log(t);log(-log(1-X))
0.0000000000,-4.1271127056
0.6931471806,-3.0556604778
1.0986122887,-2.3290076545
1.3862943611,-1.7169938958
1.6094379124,-1.2403486082
1.7917594692,-0.8392962576
1.9459101491,-0.4914290554
2.0794415417,-0.2027952434
2.1972245773,0.0442667233
2.3025850930,0.2458410828
2.3978952728,0.3874099531
2.4849066498,0.5085261956
2.5649493575,0.6277568078
2.6390573296,0.7738300833
2.7080502011,0.9108792889
2.7725887222,1.0157562582
