#id,creation_time,radius,volume,volume_perc,center_r1,center_r2,center_r3,center_r4,center_r5
0,0,28,1,0.000000,23,17,16,23,17,
1,0,28,1,0.000000,21,20,16,9,20,
2,0,28,1,0.000000,17,13,11,18,17,
3,1,20,1,0.000000,11,16,19,3,2,
4,1,20,1,0.000000,0,10,8,23,2,
5,1,20,1,0.000000,3,5,6,11,3,
6,2,14,1,0.000000,16,19,20,5,14,
7,2,14,1,0.000000,21,10,18,9,19,
8,2,14,1,0.000000,10,10,17,21,1,
9,3,9,1,0.000000,3,21,2,11,16,
10,3,9,1,0.000000,4,26,6,23,9,
11,4,5,1,0.000000,2,11,25,3,4,
