# log(t);log(-log(1-X))
0.0000000000,-3.2897621497
0.6931471806,-1.0362384370
1.0986122887,0.1955208747
1.3862943611,1.0053432163
