# log(t);log(-log(1-X))
0.0000000000,-12.7168967693
0.6931471806,-12.7168967693
1.0986122887,-8.8666801634
1.3862943611,-6.4962165352
1.6094379124,-4.9455144211
1.7917594692,-3.7639978707
1.9459101491,-2.0543461831
2.0794415417,-0.8657808122
2.1972245773,-0.0082842183
2.3025850930,0.6293147497
