# log(t);log(-log(1-X))
0.0000000000,-6.6602548595
0.6931471806,-5.0749338488
1.0986122887,-4.0958431885
1.3862943611,-3.2555944563
1.6094379124,-2.5623540629
1.7917594692,-1.9964268377
1.9459101491,-1.4993127408
2.0794415417,-1.0565506876
2.1972245773,-0.6376337075
2.3025850930,-0.2559236640
2.3978952728,0.0881220434
2.4849066498,0.3960283228
2.5649493575,0.6782113917
2.6390573296,0.9301424729
