# log(t);log(-log(1-X))
0.0000000000,-6.6602548595
0.6931471806,-5.0736469541
1.0986122887,-4.0817662454
1.3862943611,-3.2331954804
1.6094379124,-2.5139262473
1.7917594692,-1.9203052862
1.9459101491,-1.4134795957
2.0794415417,-0.9764536604
2.1972245773,-0.5747438766
2.3025850930,-0.2134912240
2.3978952728,0.1081413518
2.4849066498,0.4021280107
2.5649493575,0.6639224323
2.6390573296,0.9125441693
