# log(t);log(-log(1-X))
0.0000000000,-3.6273204384
0.6931471806,-1.5855819932
1.0986122887,-0.2520873798
1.3862943611,0.6390234394
