# log(t);log(-log(1-X))
0.0000000000,-6.6408993831
0.6931471806,-4.7183666761
1.0986122887,-3.5629798275
1.3862943611,-2.6086242849
1.6094379124,-1.7967619014
1.7917594692,-1.1958865617
1.9459101491,-0.6878628821
2.0794415417,-0.2355834511
2.1972245773,0.1646312455
2.3025850930,0.4913083154
2.3978952728,0.7631914714
2.4849066498,0.9956346708
