# log(t);log(-log(1-X))
0.0000000000,-5.9882127352
0.6931471806,-3.3022041555
1.0986122887,-1.6119519300
1.3862943611,-0.4104473170
1.6094379124,0.4313466054
1.7917594692,1.0271117639
