# log(t);log(-log(1-X))
0.0000000000,-8.5475553911
0.6931471806,-5.7690024791
1.0986122887,-3.8710941084
1.3862943611,-2.5112505543
1.6094379124,-1.4781217749
1.7917594692,-0.6353336040
1.9459101491,0.0610651423
2.0794415417,0.5970159768
2.1972245773,1.0174146156
