# log(t);log(-log(1-X))
0.0000000000,-5.3767832329
0.6931471806,-3.2056266226
1.0986122887,-2.0640718867
1.3862943611,-1.3662868041
1.6094379124,-0.8030470013
1.7917594692,-0.3339231792
1.9459101491,0.0827495994
2.0794415417,0.3572563847
2.1972245773,0.6110920955
2.3025850930,0.8556396367
