# log(t);log(-log(1-X))
0.0000000000,-8.8737981313
0.6931471806,-6.5183593355
1.0986122887,-4.9787542787
1.3862943611,-3.8130377316
1.6094379124,-2.8810798522
1.7917594692,-2.1311827002
1.9459101491,-1.4767620320
2.0794415417,-0.9213031702
2.1972245773,-0.4408269630
2.3025850930,-0.0098472946
2.3978952728,0.3588521490
2.4849066498,0.6822128714
2.5649493575,0.9656952145
