# log(t);log(-log(1-X))
0.0000000000,-11.3305979081
0.6931471806,-8.5170931831
1.0986122887,-6.5340869230
1.3862943611,-5.0610264608
1.6094379124,-3.9281323283
1.7917594692,-2.9929097291
1.9459101491,-2.1865108368
2.0794415417,-1.4842279135
2.1972245773,-0.8613807477
2.3025850930,-0.2996979136
2.3978952728,0.1975327308
2.4849066498,0.6323253780
2.5649493575,1.0214690322
