# log(t);log(-log(1-X))
0.0000000000,-9.3495589377
0.6931471806,-7.3153909251
1.0986122887,-5.9850202028
1.3862943611,-4.9140223485
1.6094379124,-4.0007747349
1.7917594692,-3.2568620926
1.9459101491,-2.6271277502
2.0794415417,-2.0727808228
2.1972245773,-1.5736014316
2.3025850930,-1.1273564308
2.3978952728,-0.7241148155
2.4849066498,-0.3541204580
2.5649493575,-0.0153250713
2.6390573296,0.2951834756
2.7080502011,0.5762474553
2.7725887222,0.8329257918
2.8332133441,1.0663629157
