# log(t);log(-log(1-X))
0.0000000000,-4.2056820554
0.6931471806,-3.0918938180
1.0986122887,-2.2977613601
1.3862943611,-1.5928712799
1.6094379124,-1.0309304332
1.7917594692,-0.5873053993
1.9459101491,-0.2127804463
2.0794415417,0.1020611925
2.1972245773,0.3992903385
2.3025850930,0.6659353899
2.3978952728,0.8750919970
