# log(t);log(-log(1-X))
0.0000000000,-6.6355462296
0.6931471806,-4.7084722550
1.0986122887,-3.5508246971
1.3862943611,-2.5942773344
1.6094379124,-1.7791050683
1.7917594692,-1.1735380951
1.9459101491,-0.6579622387
2.0794415417,-0.1963839088
2.1972245773,0.2146828441
2.3025850930,0.5506748343
2.3978952728,0.8300602349
2.4849066498,1.0712515493
