#time,new_clusters_asked,new_clusters_created,clusters_total,volume_grow,volume_total,volume_totale_perc
0,50,50,50,50,50,0.000128
1,0,0,50,9909,9959,0.025495
2,0,0,50,59484,69443,0.177774
3,0,0,50,136209,205652,0.526469
4,0,0,50,124738,330390,0.845798
