# log(t);log(-log(1-X))
0.0000000000,-12.7168967693
0.6931471806,-12.7168967693
1.0986122887,-9.2407510775
1.3862943611,-7.3138877950
1.6094379124,-6.1519782990
1.7917594692,-5.1888297790
1.9459101491,-3.7470596083
2.0794415417,-2.7443508902
2.1972245773,-1.9358206194
2.3025850930,-1.2879039565
2.3978952728,-0.5044331716
2.4849066498,0.1224320207
2.5649493575,0.6113113703
2.6390573296,0.9999388787
