# log(t);log(-log(1-X))
0.0000000000,-8.5843084338
0.6931471806,-5.8443592292
1.0986122887,-3.9694842231
1.3862943611,-2.6187582008
1.6094379124,-1.5936670666
1.7917594692,-0.7627446936
1.9459101491,-0.0685359041
2.0794415417,0.4643590102
2.1972245773,0.8717669751
