# log(t);log(-log(1-X))
0.0000000000,-6.0925892184
0.6931471806,-4.2278419706
1.0986122887,-3.1077508017
1.3862943611,-2.2840691669
1.6094379124,-1.6498001351
1.7917594692,-1.1285008113
1.9459101491,-0.6909995228
2.0794415417,-0.3158280741
2.1972245773,0.0074738257
2.3025850930,0.2857056655
2.3978952728,0.5256155558
2.4849066498,0.7392210086
2.5649493575,0.9337454734
