# log(t);log(-log(1-X))
0.0000000000,-5.6395945864
0.6931471806,-3.5838344530
1.0986122887,-2.3906822207
1.3862943611,-1.6458321827
1.6094379124,-1.0174154252
1.7917594692,-0.4729513244
1.9459101491,0.0026596820
2.0794415417,0.3116297382
2.1972245773,0.5888117889
2.3025850930,0.8409296567
2.3978952728,1.0668535056
