# log(t);log(-log(1-X))
0.0000000000,-8.8881878688
0.6931471806,-6.5577984316
1.0986122887,-5.0396640403
1.3862943611,-3.8870965784
1.6094379124,-2.9598823375
1.7917594692,-2.2117169793
1.9459101491,-1.5574486597
2.0794415417,-1.0031068546
2.1972245773,-0.5275646051
2.3025850930,-0.1075042644
2.3978952728,0.2486906210
2.4849066498,0.5567578008
2.5649493575,0.8156001204
2.6390573296,1.0397671105
