#id,creation_time,radius,volume,volume_perc,center_x,center_y
0,0,14,1,0.000400,6,49,
1,0,14,1,0.000400,36,47,
2,0,14,1,0.000400,28,38,
3,0,14,1,0.000400,20,46,
4,0,14,1,0.000400,40,22,
5,0,14,1,0.000400,20,22,
6,0,14,1,0.000400,12,6,
7,0,14,1,0.000400,39,6,
8,0,14,1,0.000400,47,13,
9,0,14,1,0.000400,15,6,
10,0,14,1,0.000400,15,48,
11,0,14,1,0.000400,6,43,
12,0,14,1,0.000400,4,37,
13,0,14,1,0.000400,35,39,
14,0,14,1,0.000400,7,42,
15,0,14,1,0.000400,42,15,
