# log(t);log(-log(1-X))
0.0000000000,-2.8760180608
0.6931471806,-2.0393851367
1.0986122887,-1.4865653600
1.3862943611,-0.9136074356
1.6094379124,-0.6062045136
1.7917594692,-0.2968195400
1.9459101491,-0.0601656536
2.0794415417,0.1823055425
2.1972245773,0.4672091077
2.3025850930,0.6688177155
2.3978952728,0.8880634501
2.4849066498,1.0840100464
