# log(t);log(-log(1-X))
0.0000000000,-3.8219192875
0.6931471806,-2.2094778107
1.0986122887,-1.2756630303
1.3862943611,-0.6013225973
1.6094379124,-0.0732364657
1.7917594692,0.3824874565
1.9459101491,0.7270004686
2.0794415417,0.9798664035
