#time,new_clusters_asked,new_clusters_created,clusters_total,volume_grow,volume_total,volume_totale_perc
0,50,50,50,50,50,0.000003
1,0,0,50,0,50,0.000003
2,0,0,50,0,50,0.000003
3,0,0,50,3222,3272,0.000195
4,0,0,50,49169,52441,0.003126
5,0,0,50,293211,345652,0.020602
6,0,0,50,964612,1310264,0.078098
7,0,0,50,5649748,6960012,0.414849
8,0,0,50,7190888,14150900,0.843459
