# log(t);log(-log(1-X))
0.0000000000,-5.9862162113
0.6931471806,-3.2647452375
1.0986122887,-1.5719525273
1.3862943611,-0.3969195040
1.6094379124,0.4070527355
1.7917594692,0.9623196396
