# log(t);log(-log(1-X))
0.0000000000,-1.8852750267
0.6931471806,0.5787243582
