# log(t);log(-log(1-X))
0.0000000000,-12.7168967693
0.6931471806,-12.7168967693
1.0986122887,-9.2615861645
1.3862943611,-7.3412957741
1.6094379124,-6.1782040591
1.7917594692,-5.2095924673
1.9459101491,-3.7489278606
2.0794415417,-2.7287896390
2.1972245773,-1.9100642950
2.3025850930,-1.2633414306
2.3978952728,-0.4967991159
2.4849066498,0.1012440693
2.5649493575,0.5515734447
2.6390573296,0.9124957134
