# log(t);log(-log(1-X))
0.0000000000,-4.6614723434
0.6931471806,-3.2342512373
1.0986122887,-2.4574422312
1.3862943611,-1.7060620778
1.6094379124,-1.0958209654
1.7917594692,-0.6495560032
1.9459101491,-0.2665595463
2.0794415417,0.0616888269
2.1972245773,0.3938882066
2.3025850930,0.6361559610
2.3978952728,0.8409778644
2.4849066498,1.0230456016
