# log(t);log(-log(1-X))
0.0000000000,-4.1271127056
0.6931471806,-2.9867419381
1.0986122887,-2.2212219375
1.3862943611,-1.5339986931
1.6094379124,-1.0086606704
1.7917594692,-0.5388885352
1.9459101491,-0.1333613630
2.0794415417,0.2100542288
2.1972245773,0.5174337936
2.3025850930,0.7868309918
2.3978952728,1.0273339824
