# log(t);log(-log(1-X))
0.0000000000,-5.4397873987
0.6931471806,-3.3633411912
1.0986122887,-2.2424334620
1.3862943611,-1.5253015464
1.6094379124,-0.9095276661
1.7917594692,-0.3577300189
1.9459101491,0.1504805508
2.0794415417,0.4888667787
2.1972245773,0.7792621054
2.3025850930,1.0267260158
