# log(t);log(-log(1-X))
0.0000000000,-11.4176097851
0.6931471806,-8.6679300750
1.0986122887,-6.6470525229
1.3862943611,-5.0944374158
1.6094379124,-3.8852067111
1.7917594692,-2.8901154985
1.9459101491,-2.0374084664
2.0794415417,-1.3115305125
2.1972245773,-0.6978097306
2.3025850930,-0.1741561587
2.3978952728,0.2711308505
2.4849066498,0.6456347597
2.5649493575,0.9671551148
