# log(t);log(-log(1-X))
0.0000000000,-11.4176097851
0.6931471806,-8.7340256876
1.0986122887,-6.7885204849
1.3862943611,-5.3004343031
1.6094379124,-4.1043099114
1.7917594692,-3.1053207151
1.9459101491,-2.2475656578
2.0794415417,-1.5194641192
2.1972245773,-0.8938074144
2.3025850930,-0.3334659700
2.3978952728,0.1695611082
2.4849066498,0.6103283760
2.5649493575,0.9929515697
