# log(t);log(-log(1-X))
0.0000000000,-6.0702188190
0.6931471806,-4.1956567949
1.0986122887,-3.0812337967
1.3862943611,-2.2622308435
1.6094379124,-1.6303158844
1.7917594692,-1.1163591985
1.9459101491,-0.6846162024
2.0794415417,-0.3144492652
2.1972245773,0.0024530919
2.3025850930,0.2723876660
2.3978952728,0.5018483274
2.4849066498,0.7037861482
2.5649493575,0.8807747731
2.6390573296,1.0484017531
