# log(t);log(-log(1-X))
0.0000000000,-4.1271127056
0.6931471806,-3.0292836602
1.0986122887,-2.3110450625
1.3862943611,-1.6074196288
1.6094379124,-1.0847289310
1.7917594692,-0.6367865177
1.9459101491,-0.2395036558
2.0794415417,0.0802211391
2.1972245773,0.3826765736
2.3025850930,0.6473874976
2.3978952728,0.8993764875
