# log(t);log(-log(1-X))
0.0000000000,-12.7168967693
0.6931471806,-12.7168967693
1.0986122887,-8.8809671208
1.3862943611,-6.5368475478
1.6094379124,-5.0019888942
1.7917594692,-3.8302192930
1.9459101491,-2.1362122408
2.0794415417,-0.9413704432
2.1972245773,-0.0704213974
2.3025850930,0.5899290300
