# log(t);log(-log(1-X))
0.0000000000,-4.6614723434
0.6931471806,-3.2367894312
1.0986122887,-2.4618263396
1.3862943611,-1.7155022530
1.6094379124,-1.1115834235
1.7917594692,-0.6690142314
1.9459101491,-0.2902386672
2.0794415417,0.0306437860
2.1972245773,0.3543949283
2.3025850930,0.6024559825
2.3978952728,0.8152905468
2.4849066498,1.0006919039
