# log(t);log(-log(1-X))
0.0000000000,-1.5315159428
0.6931471806,-0.0874215718
1.0986122887,0.9918729508
