# log(t);log(-log(1-X))
0.0000000000,-6.7248334220
0.6931471806,-5.1387244066
1.0986122887,-4.1423479545
1.3862943611,-3.3107245458
1.6094379124,-2.5996278860
1.7917594692,-2.0080222029
1.9459101491,-1.4973433831
2.0794415417,-1.0487517507
2.1972245773,-0.6387638206
2.3025850930,-0.2705379210
2.3978952728,0.0534983742
2.4849066498,0.3417756173
2.5649493575,0.5971344955
2.6390573296,0.8281140884
2.7080502011,1.0388227358
