#id,creation_time,radius,volume,volume_perc,center_x,center_y
0,0,15,1,0.000400,10,42,
1,0,15,1,0.000400,16,27,
2,0,15,1,0.000400,48,23,
3,0,15,1,0.000400,47,45,
4,0,15,1,0.000400,1,18,
5,0,15,1,0.000400,34,31,
6,0,15,1,0.000400,31,29,
7,0,15,1,0.000400,18,24,
8,0,15,1,0.000400,32,42,
9,0,15,1,0.000400,30,10,
10,0,15,1,0.000400,31,49,
11,0,15,1,0.000400,15,33,
12,0,15,1,0.000400,42,16,
13,0,15,1,0.000400,48,9,
14,0,15,1,0.000400,37,33,
15,0,15,1,0.000400,4,47,
