# log(t);log(-log(1-X))
0.0000000000,-2.8464000734
0.6931471806,-2.0324032926
1.0986122887,-1.4932353364
1.3862943611,-0.8826168329
1.6094379124,-0.5536792749
1.7917594692,-0.2161130585
1.9459101491,0.0529757106
2.0794415417,0.3047952664
2.1972245773,0.5628223116
2.3025850930,0.7070442968
2.3978952728,0.8462907395
2.4849066498,0.9385170283
2.5649493575,1.0391572645
