# log(t);log(-log(1-X))
0.0000000000,-3.6198159777
0.6931471806,-1.5546975255
1.0986122887,-0.1749255465
1.3862943611,0.7239140071
