# log(t);log(-log(1-X))
0.0000000000,-6.6386016692
0.6931471806,-4.7158839602
1.0986122887,-3.5598280854
1.3862943611,-2.6014269887
1.6094379124,-1.7848209328
1.7917594692,-1.1849975436
1.9459101491,-0.6794022216
2.0794415417,-0.2269841915
2.1972245773,0.1778862039
2.3025850930,0.5094240942
2.3978952728,0.7876092698
2.4849066498,1.0355183018
