# log(t);log(-log(1-X))
0.0000000000,-4.1271127056
0.6931471806,-2.9784361108
1.0986122887,-2.1651068217
1.3862943611,-1.4386725567
1.6094379124,-0.8811551381
1.7917594692,-0.3931693927
1.9459101491,0.0051088730
2.0794415417,0.3697129230
2.1972245773,0.7070442968
2.3025850930,1.0249992637
