# log(t);log(-log(1-X))
0.0000000000,-5.4383999852
0.6931471806,-3.3322061244
1.0986122887,-2.2028577123
1.3862943611,-1.5061842906
1.6094379124,-0.9246995608
1.7917594692,-0.4146615198
1.9459101491,0.0652380436
2.0794415417,0.4024800160
2.1972245773,0.7123381875
2.3025850930,0.9990309668
