# log(t);log(-log(1-X))
0.0000000000,-5.8049739845
0.6931471806,-3.7830179254
1.0986122887,-2.6124463664
1.3862943611,-1.8404494872
1.6094379124,-1.2125918931
1.7917594692,-0.6805750158
1.9459101491,-0.1953377487
2.0794415417,0.1536173314
2.1972245773,0.4889920547
2.3025850930,0.8023579366
2.3978952728,1.0741915577
