# log(t);log(-log(1-X))
0.0000000000,-6.0697851363
0.6931471806,-4.2005215839
1.0986122887,-3.0831743206
1.3862943611,-2.2692018519
1.6094379124,-1.6519531849
1.7917594692,-1.1614126666
1.9459101491,-0.7479337256
2.0794415417,-0.3772383751
2.1972245773,-0.0396089832
2.3025850930,0.2598328236
2.3978952728,0.5263569692
2.4849066498,0.7621208242
2.5649493575,0.9564939216
