# log(t);log(-log(1-X))
0.0000000000,-8.5475553911
0.6931471806,-5.7861732489
1.0986122887,-3.9062409346
1.3862943611,-2.5584953191
1.6094379124,-1.5399840360
1.7917594692,-0.7070990958
1.9459101491,-0.0174428959
2.0794415417,0.5046077036
2.1972245773,0.9180619765
