# log(t);log(-log(1-X))
0.0000000000,-6.6602548595
0.6931471806,-5.0558011170
1.0986122887,-4.0527770670
1.3862943611,-3.1960874750
1.6094379124,-2.4670489918
1.7917594692,-1.8705601546
1.9459101491,-1.3610549903
2.0794415417,-0.9216099453
2.1972245773,-0.5177726044
2.3025850930,-0.1589115251
2.3978952728,0.1520680001
2.4849066498,0.4372338127
2.5649493575,0.7042904313
2.6390573296,0.9551054806
