#time,new_clusters_asked,new_clusters_created,clusters_total,volume_grow,volume_total,volume_totale_perc
0,50,50,50,50,50,0.000128
1,0,0,50,10113,10163,0.026017
2,0,0,50,64152,74315,0.190246
3,0,0,50,142049,216364,0.553892
4,0,0,50,106116,322480,0.825549
5,0,0,50,43525,366005,0.936973
