# log(t);log(-log(1-X))
0.0000000000,-6.6432023818
0.6931471806,-4.7207422535
1.0986122887,-3.5620006674
1.3862943611,-2.5983529188
1.6094379124,-1.7754563625
1.7917594692,-1.1699126668
1.9459101491,-0.6608584341
2.0794415417,-0.2069340617
2.1972245773,0.1986042308
2.3025850930,0.5333953561
2.3978952728,0.8169883263
2.4849066498,1.0678234557
