# log(t);log(-log(1-X))
0.0000000000,-4.2056820554
0.6931471806,-3.0467943805
1.0986122887,-2.2630945083
1.3862943611,-1.5952843087
1.6094379124,-1.0616740340
1.7917594692,-0.5810409691
1.9459101491,-0.1619273500
2.0794415417,0.1944944717
2.1972245773,0.5047247633
2.3025850930,0.7375012024
2.3978952728,0.9385170283
