# log(t);log(-log(1-X))
0.0000000000,-4.1271127056
0.6931471806,-3.0035527630
1.0986122887,-2.2461569450
1.3862943611,-1.5737320125
1.6094379124,-1.1081411724
1.7917594692,-0.6848197876
1.9459101491,-0.3286403014
2.0794415417,0.0094582431
2.1972245773,0.3382019848
2.3025850930,0.6473874976
2.3978952728,0.9954908195
