#id,creation_time,radius,volume,volume_perc,center_x,center_y,center_z
0,0,9,1,0.000064,8,3,17,
1,0,9,1,0.000064,6,8,6,
2,0,9,1,0.000064,19,1,8,
3,0,9,1,0.000064,10,5,13,
4,0,9,1,0.000064,23,20,11,
5,0,9,1,0.000064,6,17,1,
6,0,9,1,0.000064,10,19,22,
7,0,9,1,0.000064,10,17,0,
8,0,9,1,0.000064,16,6,10,
9,0,9,1,0.000064,21,16,5,
10,0,9,1,0.000064,9,1,8,
11,0,9,1,0.000064,4,7,18,
12,0,9,1,0.000064,12,1,21,
13,0,9,1,0.000064,22,13,2,
14,0,9,1,0.000064,12,11,22,
15,0,9,1,0.000064,0,19,16,
16,0,9,1,0.000064,1,5,10,
17,0,9,1,0.000064,23,15,4,
18,0,9,1,0.000064,24,8,11,
19,0,9,1,0.000064,11,4,4,
20,0,9,1,0.000064,16,16,5,
21,0,9,1,0.000064,1,22,12,
22,0,9,1,0.000064,19,11,15,
23,0,9,1,0.000064,18,8,4,
24,0,9,1,0.000064,20,22,17,
25,0,9,1,0.000064,19,22,14,
26,0,9,1,0.000064,10,0,19,
27,0,9,1,0.000064,22,1,11,
28,0,9,1,0.000064,2,2,20,
29,0,9,1,0.000064,15,13,1,
30,0,9,1,0.000064,19,7,17,
31,0,9,1,0.000064,1,8,16,
32,0,9,1,0.000064,13,5,2,
33,0,9,1,0.000064,5,23,12,
34,0,9,1,0.000064,11,20,11,
35,0,9,1,0.000064,6,14,8,
36,0,9,1,0.000064,20,1,11,
37,0,9,1,0.000064,14,23,12,
38,0,9,1,0.000064,2,2,14,
39,0,9,1,0.000064,22,17,4,
40,0,9,1,0.000064,24,13,11,
41,0,9,1,0.000064,18,14,20,
42,0,9,1,0.000064,10,4,2,
43,0,9,1,0.000064,14,10,2,
44,0,9,1,0.000064,2,23,22,
45,0,9,1,0.000064,13,4,13,
46,0,9,1,0.000064,24,1,16,
47,0,9,1,0.000064,12,15,14,
48,0,9,1,0.000064,24,18,19,
49,0,9,1,0.000064,13,17,13,
