# log(t);log(-log(1-X))
0.0000000000,-4.6891892981
0.6931471806,-3.2929145827
1.0986122887,-2.5284898403
1.3862943611,-1.7745197091
1.6094379124,-1.1549178593
1.7917594692,-0.6958837556
1.9459101491,-0.2993779886
2.0794415417,0.0465307018
2.1972245773,0.4015553872
2.3025850930,0.6710425055
2.3978952728,0.9179544936
