# log(t);log(-log(1-X))
0.0000000000,-1.4267569534
0.6931471806,0.0653061488
1.0986122887,0.9975301672
