#id,creation_time,radius,volume,volume_perc,center_x,center_y
0,0,16,1,0.000400,25,10,
1,0,16,1,0.000400,15,9,
2,0,16,1,0.000400,45,38,
3,0,16,1,0.000400,6,30,
4,0,16,1,0.000400,26,6,
5,0,16,1,0.000400,37,31,
6,0,16,1,0.000400,9,46,
7,0,16,1,0.000400,30,17,
8,0,16,1,0.000400,2,31,
9,0,16,1,0.000400,39,31,
10,0,16,1,0.000400,2,0,
11,0,16,1,0.000400,4,1,
12,0,16,1,0.000400,16,36,
13,0,16,1,0.000400,21,45,
14,0,16,1,0.000400,8,42,
15,0,16,1,0.000400,40,35,
