# log(t);log(-log(1-X))
0.0000000000,-2.8835536720
0.6931471806,-2.0641613324
1.0986122887,-1.5409207077
1.3862943611,-0.9558460765
1.6094379124,-0.6278218533
1.7917594692,-0.3161067413
1.9459101491,-0.0994327951
2.0794415417,0.1097167478
2.1972245773,0.3463314239
2.3025850930,0.5199886776
2.3978952728,0.7145673690
2.4849066498,0.8427681024
2.5649493575,0.9590092641
2.6390573296,1.0415527255
