# log(t);log(-log(1-X))
0.0000000000,-3.5501794818
0.6931471806,-0.9662092596
1.0986122887,0.3903677662
