# log(t);log(-log(1-X))
0.0000000000,-12.7168967693
0.6931471806,-12.7168967693
1.0986122887,-9.2511143646
1.3862943611,-7.3259765364
1.6094379124,-6.1681094217
1.7917594692,-5.2073866224
1.9459101491,-3.7704171182
2.0794415417,-2.7758627994
2.1972245773,-1.9750184959
2.3025850930,-1.3340841475
2.3978952728,-0.5538461974
2.4849066498,0.0786257847
2.5649493575,0.5891212855
2.6390573296,1.0159052546
