#id,creation_time,radius,volume,volume_perc,center_x,center_y
0,0,13,1,0.000400,12,26,
1,0,13,1,0.000400,37,8,
2,0,13,1,0.000400,46,44,
3,0,13,1,0.000400,9,33,
4,0,13,1,0.000400,29,35,
5,0,13,1,0.000400,37,36,
6,0,13,1,0.000400,23,25,
7,0,13,1,0.000400,38,0,
8,0,13,1,0.000400,11,3,
9,0,13,1,0.000400,41,6,
10,0,13,1,0.000400,11,2,
11,0,13,1,0.000400,26,43,
12,0,13,1,0.000400,21,3,
13,0,13,1,0.000400,29,1,
14,0,13,1,0.000400,42,23,
