# log(t);log(-log(1-X))
0.0000000000,-2.9620183162
0.6931471806,-2.1042124567
1.0986122887,-1.5225448308
1.3862943611,-0.8855439873
1.6094379124,-0.5512077340
1.7917594692,-0.2138910791
1.9459101491,0.0399135599
2.0794415417,0.2888122432
2.1972245773,0.5814133866
2.3025850930,0.7786820616
2.3978952728,0.9999333044
