# log(t);log(-log(1-X))
0.0000000000,-6.0244327811
0.6931471806,-3.3514780543
1.0986122887,-1.7147970220
1.3862943611,-0.5780370590
1.6094379124,0.2855407537
1.7917594692,0.9689835684
