# log(t);log(-log(1-X))
0.0000000000,-12.7168967693
0.6931471806,-12.7168967693
1.0986122887,-8.5322083211
1.3862943611,-5.7430023317
1.6094379124,-3.8470242794
1.7917594692,-2.5043509341
1.9459101491,-0.7275982727
2.0794415417,0.4160226785
