# log(t);log(-log(1-X))
0.0000000000,-8.5322083211
0.6931471806,-5.7358290078
1.0986122887,-3.8304547380
1.3862943611,-2.4675495253
1.6094379124,-1.4343619523
1.7917594692,-0.5868820028
1.9459101491,0.1151590285
2.0794415417,0.6527976477
2.1972245773,1.0780990994
