# log(t);log(-log(1-X))
0.0000000000,-12.7168967693
0.6931471806,-12.7168967693
1.0986122887,-8.8954611282
1.3862943611,-6.5472682020
1.6094379124,-4.9988498409
1.7917594692,-3.8136861221
1.9459101491,-2.1159268539
2.0794415417,-0.9194936019
2.1972245773,-0.0435701814
2.3025850930,0.6176984478
