# log(t);log(-log(1-X))
0.0000000000,-4.1271127056
0.6931471806,-3.0120599640
1.0986122887,-2.2673693481
1.3862943611,-1.5832652582
1.6094379124,-1.0405729258
1.7917594692,-0.5873053993
1.9459101491,-0.1983632912
2.0794415417,0.1514076592
2.1972245773,0.4833581183
2.3025850930,0.7722188608
2.3978952728,1.0415527255
