#id,creation_time,radius,volume,volume_perc,center_r1,center_r2,center_r3,center_r4,center_r5
0,0,28,1,0.000000,20,26,5,26,23,
1,0,28,1,0.000000,15,21,7,9,17,
2,0,28,1,0.000000,13,4,2,15,13,
3,1,20,1,0.000000,17,26,15,8,0,
4,1,20,1,0.000000,16,7,24,9,23,
5,1,20,1,0.000000,12,2,1,11,13,
6,2,14,1,0.000000,9,15,11,26,25,
7,2,14,1,0.000000,18,13,2,25,6,
8,2,14,1,0.000000,19,11,11,6,10,
9,3,9,1,0.000000,21,24,23,17,5,
10,3,9,1,0.000000,2,13,8,3,9,
11,4,5,1,0.000000,5,24,24,0,23,
