# log(t);log(-log(1-X))
0.0000000000,-3.5591049093
0.6931471806,-1.2023484049
1.0986122887,0.0025237674
1.3862943611,0.6997835010
