# log(t);log(-log(1-X))
0.0000000000,-3.9873408312
0.6931471806,-2.3980673603
1.0986122887,-1.4200804896
1.3862943611,-0.6538761755
1.6094379124,-0.0364725630
1.7917594692,0.4464898120
1.9459101491,0.8217402411
