# log(t);log(-log(1-X))
0.0000000000,-8.8809671208
0.6931471806,-6.5190380322
1.0986122887,-4.9659617708
1.3862943611,-3.7791138674
1.6094379124,-2.8265426030
1.7917594692,-2.0655038573
1.9459101491,-1.4132646757
2.0794415417,-0.8690528708
2.1972245773,-0.4031079531
2.3025850930,0.0109425026
2.3978952728,0.3672701390
2.4849066498,0.6832513584
2.5649493575,0.9562657567
