# log(t);log(-log(1-X))
0.0000000000,-1.4761404387
0.6931471806,0.0172441191
1.0986122887,1.0225814453
