# log(t);log(-log(1-X))
0.0000000000,-4.6529645746
0.6931471806,-3.2174862510
1.0986122887,-2.4431884597
1.3862943611,-1.6894806147
1.6094379124,-1.0810165288
1.7917594692,-0.6406401123
1.9459101491,-0.2695036342
2.0794415417,0.0341032743
2.1972245773,0.3360927101
2.3025850930,0.5735991626
2.3978952728,0.7890612639
2.4849066498,1.0055795811
