# log(t);log(-log(1-X))
0.0000000000,-6.0917024769
0.6931471806,-4.2143644563
1.0986122887,-3.1003380190
1.3862943611,-2.2860164652
1.6094379124,-1.6590194985
1.7917594692,-1.1485210981
1.9459101491,-0.7249189081
2.0794415417,-0.3679674821
2.1972245773,-0.0660213701
2.3025850930,0.1854440339
2.3978952728,0.3995316249
2.4849066498,0.5895520174
2.5649493575,0.7551557608
2.6390573296,0.8925241716
2.7080502011,1.0104352241
