# log(t);log(-log(1-X))
0.0000000000,-6.0693516412
0.6931471806,-4.1908152045
1.0986122887,-3.0752522418
1.3862943611,-2.2551230426
1.6094379124,-1.6277289477
1.7917594692,-1.1238178724
1.9459101491,-0.7053896826
2.0794415417,-0.3514969795
2.1972245773,-0.0477307050
2.3025850930,0.2167146977
2.3978952728,0.4512905000
2.4849066498,0.6522433452
2.5649493575,0.8236662212
2.6390573296,0.9799418447
