# log(t);log(-log(1-X))
0.0000000000,-8.9027876684
0.6931471806,-6.5577984316
1.0986122887,-5.0088993088
1.3862943611,-3.8154017072
1.6094379124,-2.8539296259
1.7917594692,-2.0865078837
1.9459101491,-1.4221896376
2.0794415417,-0.8653102624
2.1972245773,-0.3894209415
2.3025850930,0.0310707615
2.3978952728,0.3876528233
2.4849066498,0.6964529105
2.5649493575,0.9593270032
