# log(t);log(-log(1-X))
0.0000000000,-5.9544144766
0.6931471806,-3.2446813956
1.0986122887,-1.5505470154
1.3862943611,-0.3870619476
1.6094379124,0.4234565496
1.7917594692,1.0368733935
