# log(t);log(-log(1-X))
0.0000000000,-3.8550972709
0.6931471806,-2.3381107311
1.0986122887,-1.3635320074
1.3862943611,-0.6434608956
1.6094379124,-0.0311607501
1.7917594692,0.4559969076
1.9459101491,0.8244379425
