# log(t);log(-log(1-X))
0.0000000000,-5.6444060590
0.6931471806,-3.7628951609
1.0986122887,-2.6487425217
1.3862943611,-1.8560112464
1.6094379124,-1.1436144816
1.7917594692,-0.5306669073
1.9459101491,-0.0297085219
2.0794415417,0.2966842683
2.1972245773,0.5907103486
2.3025850930,0.8606173680
