# log(t);log(-log(1-X))
0.0000000000,-1.9230260559
0.6931471806,0.6102188243
