# log(t);log(-log(1-X))
0.0000000000,-6.6602548595
0.6931471806,-5.0382662190
1.0986122887,-4.0319087772
1.3862943611,-3.1739220975
1.6094379124,-2.4502415969
1.7917594692,-1.8615072151
1.9459101491,-1.3656595279
2.0794415417,-0.9419385287
2.1972245773,-0.5517759589
2.3025850930,-0.2199371142
2.3978952728,0.0748550230
2.4849066498,0.3455637768
2.5649493575,0.5801566857
2.6390573296,0.7867982381
2.7080502011,0.9619742001
