# log(t);log(-log(1-X))
0.0000000000,-12.7168967693
0.6931471806,-12.7168967693
1.0986122887,-9.2304940773
1.3862943611,-7.2916076552
1.6094379124,-6.1200187493
1.7917594692,-5.1492407551
1.9459101491,-3.6949297262
2.0794415417,-2.6846886372
2.1972245773,-1.8670590157
2.3025850930,-1.2082753385
2.3978952728,-0.4100464161
2.4849066498,0.2266348591
2.5649493575,0.7203322092
