# log(t);log(-log(1-X))
0.0000000000,-11.4176097851
0.6931471806,-8.6506370777
1.0986122887,-6.7148770851
1.3862943611,-5.2373925877
1.6094379124,-4.0644989171
1.7917594692,-3.0815531654
1.9459101491,-2.2231655658
2.0794415417,-1.4829944269
2.1972245773,-0.8465420548
2.3025850930,-0.2922275991
2.3978952728,0.1926170161
2.4849066498,0.6149180975
2.5649493575,0.9842957612
