# log(t);log(-log(1-X))
0.0000000000,-4.2056820554
0.6931471806,-3.1011513258
1.0986122887,-2.3244896522
1.3862943611,-1.6546418611
1.6094379124,-1.1353557365
1.7917594692,-0.6848197876
1.9459101491,-0.2787538318
2.0794415417,0.0725871036
2.1972245773,0.3838589335
2.3025850930,0.6688177155
2.3978952728,0.9225822242
