# log(t);log(-log(1-X))
0.0000000000,-3.9061902140
0.6931471806,-2.2252672376
1.0986122887,-1.2499559503
1.3862943611,-0.5089931338
1.6094379124,0.0883840474
1.7917594692,0.5417242392
1.9459101491,0.9150492666
