# log(t);log(-log(1-X))
0.0000000000,-3.8504283001
0.6931471806,-2.1583237107
1.0986122887,-1.1367296944
1.3862943611,-0.4209780105
1.6094379124,0.1597746066
1.7917594692,0.5944148387
1.9459101491,0.9193237572
