# log(t);log(-log(1-X))
0.0000000000,-12.7168967693
0.6931471806,-12.7168967693
1.0986122887,-9.2511143646
1.3862943611,-7.3153909251
1.6094379124,-6.1505673529
1.7917594692,-5.1841538691
1.9459101491,-3.7386298099
2.0794415417,-2.7301800977
2.1972245773,-1.9120473013
2.3025850930,-1.2582776148
2.3978952728,-0.4851350039
2.4849066498,0.1084503914
2.5649493575,0.5624729508
2.6390573296,0.9338806005
