# log(t);log(-log(1-X))
0.0000000000,-3.8741861221
0.6931471806,-1.6387217290
1.0986122887,-0.4583965300
1.3862943611,0.2694671755
1.6094379124,0.8733222279
