# log(t);log(-log(1-X))
0.0000000000,-1.4590075210
0.6931471806,-0.0086783833
1.0986122887,0.8753123783
