# log(t);log(-log(1-X))
0.0000000000,-4.6683305606
0.6931471806,-3.2618667896
1.0986122887,-2.4998723208
1.3862943611,-1.7556626637
1.6094379124,-1.1467640687
1.7917594692,-0.6977072733
1.9459101491,-0.3248756760
2.0794415417,-0.0235766303
2.1972245773,0.2696086111
2.3025850930,0.4842572167
2.3978952728,0.6596789761
2.4849066498,0.8113656091
2.5649493575,0.9495001985
2.6390573296,1.0666144430
