# log(t);log(-log(1-X))
0.0000000000,-6.7248334220
0.6931471806,-5.1291659039
1.0986122887,-4.1261050970
1.3862943611,-3.2929145827
1.6094379124,-2.5774734004
1.7917594692,-1.9824107022
1.9459101491,-1.4811657224
2.0794415417,-1.0438974146
2.1972245773,-0.6329142842
2.3025850930,-0.2738448468
2.3978952728,0.0388253929
2.4849066498,0.3060777761
2.5649493575,0.5407996024
2.6390573296,0.7452426012
2.7080502011,0.9338956163
