# log(t);log(-log(1-X))
0.0000000000,-6.7248334220
0.6931471806,-5.1414721735
1.0986122887,-4.1291309245
1.3862943611,-3.2662146861
1.6094379124,-2.5329517646
1.7917594692,-1.9312265075
1.9459101491,-1.4163765612
2.0794415417,-0.9755871500
2.1972245773,-0.5828433465
2.3025850930,-0.2372711125
2.3978952728,0.0727833504
2.4849066498,0.3637749845
2.5649493575,0.6485481040
2.6390573296,0.9155358379
