# log(t);log(-log(1-X))
0.0000000000,-11.2505547005
0.6931471806,-8.3305931124
1.0986122887,-6.3246439909
1.3862943611,-4.8293330154
1.6094379124,-3.6780718590
1.7917594692,-2.7354803864
1.9459101491,-1.9306923659
2.0794415417,-1.2457232144
2.1972245773,-0.6605144408
2.3025850930,-0.1546239747
2.3978952728,0.2838182459
2.4849066498,0.6757823541
2.5649493575,1.0336220258
