# log(t);log(-log(1-X))
0.0000000000,-8.5736690355
0.6931471806,-5.8316279207
1.0986122887,-3.9576801585
1.3862943611,-2.6106874065
1.6094379124,-1.6019563208
1.7917594692,-0.7933356054
1.9459101491,-0.1211460068
2.0794415417,0.4087369153
2.1972245773,0.8256914709
