# log(t);log(-log(1-X))
0.0000000000,-12.7168967693
0.6931471806,-12.7168967693
1.0986122887,-9.2511143646
1.3862943611,-7.3199139107
1.6094379124,-6.1571688310
1.7917594692,-5.1913566113
1.9459101491,-3.7446749399
2.0794415417,-2.7378023969
2.1972245773,-1.9173465103
2.3025850930,-1.2564085074
2.3978952728,-0.4549550825
2.4849066498,0.1611771488
2.5649493575,0.6094761922
2.6390573296,0.9631998124
