# log(t);log(-log(1-X))
0.0000000000,-4.3209018592
0.6931471806,-3.2296138941
1.0986122887,-2.4185593261
1.3862943611,-1.7011060996
1.6094379124,-1.1047741039
1.7917594692,-0.6036753120
1.9459101491,-0.2428544650
2.0794415417,0.0649574536
2.1972245773,0.3661905223
2.3025850930,0.6347284583
2.3978952728,0.8641581621
2.4849066498,1.0762633624
