# log(t);log(-log(1-X))
0.0000000000,-4.1271127056
0.6931471806,-3.0380025297
1.0986122887,-2.2977613601
1.3862943611,-1.6673736157
1.6094379124,-1.1613340328
1.7917594692,-0.7380696519
1.9459101491,-0.3183823642
2.0794415417,0.0497093941
2.1972245773,0.4028678897
2.3025850930,0.7499696403
2.3978952728,1.0367722407
