#id,creation_time,radius,volume,volume_perc,center_x,center_y
0,0,13,1,0.000400,17,18,
1,0,13,1,0.000400,42,12,
2,0,13,1,0.000400,8,41,
3,0,13,1,0.000400,31,20,
4,0,13,1,0.000400,45,36,
5,0,13,1,0.000400,14,10,
6,0,13,1,0.000400,11,35,
7,0,13,1,0.000400,12,34,
8,0,13,1,0.000400,6,8,
9,0,13,1,0.000400,16,26,
10,0,13,1,0.000400,46,20,
11,0,13,1,0.000400,43,38,
12,0,13,1,0.000400,49,12,
13,0,13,1,0.000400,35,48,
14,0,13,1,0.000400,39,28,
15,0,13,1,0.000400,38,6,
