# log(t);log(-log(1-X))
0.0000000000,-2.8835536720
0.6931471806,-2.0428920220
1.0986122887,-1.4515606193
1.3862943611,-0.7998041014
1.6094379124,-0.4686246864
1.7917594692,-0.1355548757
1.9459101491,0.1108109419
2.0794415417,0.3382019848
2.1972245773,0.5774069691
2.3025850930,0.7468363750
2.3978952728,0.9486800858
