# log(t);log(-log(1-X))
0.0000000000,-1.4321906778
0.6931471806,0.0040215489
1.0986122887,0.9059475704
