# log(t);log(-log(1-X))
0.0000000000,-4.6436880961
0.6931471806,-3.2127158423
1.0986122887,-2.4436907512
1.3862943611,-1.7072777771
1.6094379124,-1.1077704232
1.7917594692,-0.6642495078
1.9459101491,-0.2862186382
2.0794415417,0.0374543692
2.1972245773,0.3729819748
2.3025850930,0.6243977527
2.3978952728,0.8274937300
2.4849066498,1.0009152098
