# log(t);log(-log(1-X))
0.0000000000,-8.5271445191
0.6931471806,-5.7308689489
1.0986122887,-3.8150769162
1.3862943611,-2.4475283193
1.6094379124,-1.4257406243
1.7917594692,-0.5899605004
1.9459101491,0.1186988500
2.0794415417,0.6849942967
