# log(t);log(-log(1-X))
0.0000000000,-8.5475553911
0.6931471806,-5.7686813109
1.0986122887,-3.8686467750
1.3862943611,-2.5012219160
1.6094379124,-1.4606911264
1.7917594692,-0.6099625855
1.9459101491,0.0967962161
2.0794415417,0.6362014749
2.1972245773,1.0592940316
