# log(t);log(-log(1-X))
0.0000000000,-6.6920235788
0.6931471806,-5.0944374158
1.0986122887,-4.0929146883
1.3862943611,-3.2510759194
1.6094379124,-2.5297938738
1.7917594692,-1.9270873153
1.9459101491,-1.4175539565
2.0794415417,-0.9798623492
2.1972245773,-0.5880332001
2.3025850930,-0.2443519406
2.3978952728,0.0567218036
2.4849066498,0.3242577866
2.5649493575,0.5607933496
2.6390573296,0.7696792718
2.7080502011,0.9615975770
