# log(t);log(-log(1-X))
0.0000000000,-6.6386016692
0.6931471806,-4.7170117102
1.0986122887,-3.5598642576
1.3862943611,-2.6004400130
1.6094379124,-1.7815835274
1.7917594692,-1.1771637922
1.9459101491,-0.6666500164
2.0794415417,-0.2102712851
2.1972245773,0.1978658126
2.3025850930,0.5337018814
2.3978952728,0.8196782686
2.4849066498,1.0753031632
