#time,new_clusters_asked,new_clusters_created,clusters_total,volume_grow,volume_total,volume_totale_perc
0,50,50,50,50,50,0.000128
1,0,0,50,10276,10326,0.026435
2,0,0,50,61405,71731,0.183631
3,0,0,50,139474,211205,0.540685
4,0,0,50,114700,325905,0.834317
