# log(t);log(-log(1-X))
0.0000000000,-5.9625630019
0.6931471806,-3.2456687753
1.0986122887,-1.5562069832
1.3862943611,-0.3953292224
1.6094379124,0.3965161046
1.7917594692,0.9760849241
