# log(t);log(-log(1-X))
0.0000000000,-11.2505547005
0.6931471806,-8.4127221658
1.0986122887,-6.4134597340
1.3862943611,-4.9439586098
1.6094379124,-3.8069444629
1.7917594692,-2.8556776609
1.9459101491,-2.0286506390
2.0794415417,-1.3286849523
2.1972245773,-0.7311955942
2.3025850930,-0.2161686203
2.3978952728,0.2264364380
2.4849066498,0.6099347213
2.5649493575,0.9505782164
