#id,creation_time,radius,volume,volume_perc,center_x,center_y
0,0,15,1,0.000400,42,36,
1,0,15,1,0.000400,43,43,
2,0,15,1,0.000400,46,38,
3,0,15,1,0.000400,1,44,
4,0,15,1,0.000400,13,46,
5,0,15,1,0.000400,18,9,
6,0,15,1,0.000400,24,21,
7,0,15,1,0.000400,17,48,
8,0,15,1,0.000400,37,33,
9,0,15,1,0.000400,13,26,
10,0,15,1,0.000400,48,2,
11,0,15,1,0.000400,12,29,
12,0,15,1,0.000400,7,21,
13,0,15,1,0.000400,26,25,
14,0,15,1,0.000400,5,6,
15,0,15,1,0.000400,44,48,
