# log(t);log(-log(1-X))
0.0000000000,-2.8247166202
0.6931471806,-2.0048915282
1.0986122887,-1.4910081793
1.3862943611,-0.9406360111
1.6094379124,-0.6112716662
1.7917594692,-0.2630113560
1.9459101491,-0.0177256407
2.0794415417,0.1978241761
2.1972245773,0.4160407018
2.3025850930,0.5510080678
2.3978952728,0.7130580513
2.4849066498,0.8623517916
2.5649493575,1.0249992637
