# log(t);log(-log(1-X))
0.0000000000,-11.4176097851
0.6931471806,-8.5736690355
1.0986122887,-6.5500654542
1.3862943611,-5.0498174711
1.6094379124,-3.8924869600
1.7917594692,-2.9399130290
1.9459101491,-2.1315622274
2.0794415417,-1.4366168511
2.1972245773,-0.8281535780
2.3025850930,-0.2997828538
2.3978952728,0.1426619894
2.4849066498,0.5153930680
2.5649493575,0.8429482381
