# log(t);log(-log(1-X))
0.0000000000,-6.6920235788
0.6931471806,-5.0878941327
1.0986122887,-4.0721702874
1.3862943611,-3.2083792447
1.6094379124,-2.4735351597
1.7917594692,-1.8651803907
1.9459101491,-1.3432700903
2.0794415417,-0.8921191536
2.1972245773,-0.4796420527
2.3025850930,-0.1201687682
2.3978952728,0.1796501589
2.4849066498,0.4298845401
2.5649493575,0.6391287433
2.6390573296,0.8120409453
2.7080502011,0.9559340293
2.7725887222,1.0802770668
