# log(t);log(-log(1-X))
0.0000000000,-11.2505547005
0.6931471806,-8.3860509182
1.0986122887,-6.3263228768
1.3862943611,-4.7954741192
1.6094379124,-3.6134704712
1.7917594692,-2.6465750426
1.9459101491,-1.8466675445
2.0794415417,-1.2027439684
2.1972245773,-0.6677731675
2.3025850930,-0.2009610899
2.3978952728,0.2175846023
2.4849066498,0.5949150202
2.5649493575,0.9336003683
