# log(t);log(-log(1-X))
0.0000000000,-5.9862162113
0.6931471806,-3.3052249933
1.0986122887,-1.6222379263
1.3862943611,-0.4408772403
1.6094379124,0.3763295246
1.7917594692,0.9506141821
