# log(t);log(-log(1-X))
0.0000000000,-4.1893404228
0.6931471806,-2.5565571553
1.0986122887,-1.4233299826
1.3862943611,-0.5797901600
1.6094379124,0.0672568151
1.7917594692,0.5498061969
1.9459101491,0.9149228161
