# log(t);log(-log(1-X))
0.0000000000,-8.5424134915
0.6931471806,-5.7603668243
1.0986122887,-3.8497081953
1.3862943611,-2.4757058039
1.6094379124,-1.4391375395
1.7917594692,-0.5898505935
1.9459101491,0.1191232956
2.0794415417,0.6623901149
2.1972245773,1.0930730685
