# log(t);log(-log(1-X))
0.0000000000,-6.0736950524
0.6931471806,-4.1962636203
1.0986122887,-3.0834028539
1.3862943611,-2.2671231005
1.6094379124,-1.6447824883
1.7917594692,-1.1447456536
1.9459101491,-0.7253344865
2.0794415417,-0.3521576850
2.1972245773,-0.0199631818
2.3025850930,0.2741491727
2.3978952728,0.5343215875
2.4849066498,0.7738744347
2.5649493575,0.9855891047
