#id,creation_time,radius,volume,volume_perc,center_x,center_y
0,0,14,1,0.000400,11,24,
1,0,14,1,0.000400,22,40,
2,0,14,1,0.000400,9,28,
3,0,14,1,0.000400,4,49,
4,0,14,1,0.000400,32,11,
5,0,14,1,0.000400,9,16,
6,0,14,1,0.000400,39,34,
7,0,14,1,0.000400,8,41,
8,0,14,1,0.000400,6,28,
9,0,14,1,0.000400,15,25,
10,0,14,1,0.000400,3,15,
11,0,14,1,0.000400,42,10,
12,0,14,1,0.000400,20,15,
13,0,14,1,0.000400,27,17,
14,0,14,1,0.000400,40,15,
15,0,14,1,0.000400,48,3,
