# log(t);log(-log(1-X))
0.0000000000,-2.8464000734
0.6931471806,-2.0014982128
1.0986122887,-1.4386725567
1.3862943611,-0.8307596867
1.6094379124,-0.5095758529
1.7917594692,-0.1906158259
1.9459101491,0.0453551448
2.0794415417,0.2751804760
2.1972245773,0.5367061146
2.3025850930,0.7055466664
2.3978952728,0.8696043680
2.4849066498,0.9954908195
