# log(t);log(-log(1-X))
0.0000000000,-6.0693516412
0.6931471806,-4.1975458883
1.0986122887,-3.0842946104
1.3862943611,-2.2763030516
1.6094379124,-1.6489550926
1.7917594692,-1.1273137472
1.9459101491,-0.6753746756
2.0794415417,-0.2769376171
2.1972245773,0.0785903347
2.3025850930,0.3869124525
2.3978952728,0.6575849679
2.4849066498,0.9004609395
