# log(t);log(-log(1-X))
0.0000000000,-4.6735049745
0.6931471806,-3.2607826503
1.0986122887,-2.4884023206
1.3862943611,-1.7326054753
1.6094379124,-1.1166939503
1.7917594692,-0.6772156904
1.9459101491,-0.3174719460
2.0794415417,-0.0175298941
2.1972245773,0.2904293948
2.3025850930,0.5329598815
2.3978952728,0.7581046342
2.4849066498,0.9839213241
