# log(t);log(-log(1-X))
0.0000000000,-1.4506974521
0.6931471806,-0.0034591804
1.0986122887,1.0735027920
