# log(t);log(-log(1-X))
0.0000000000,-4.6657532660
0.6931471806,-3.2452950620
1.0986122887,-2.4711627276
1.3862943611,-1.7200361070
1.6094379124,-1.1006429788
1.7917594692,-0.6408201181
1.9459101491,-0.2484445472
2.0794415417,0.0911791550
2.1972245773,0.4434418566
2.3025850930,0.7144465362
2.3978952728,0.9488850142
