# log(t);log(-log(1-X))
0.0000000000,-1.3989232188
0.6931471806,0.1690864124
1.0986122887,1.0634039468
