# log(t);log(-log(1-X))
0.0000000000,-5.9850202028
0.6931471806,-3.2773297876
1.0986122887,-1.6007973717
1.3862943611,-0.4493604404
1.6094379124,0.3342774922
1.7917594692,0.8725899245
