# log(t);log(-log(1-X))
0.0000000000,-12.7168967693
0.6931471806,-12.7168967693
1.0986122887,-8.8525944234
1.3862943611,-6.4804147183
1.6094379124,-4.9214579711
1.7917594692,-3.7314224309
1.9459101491,-2.0073153584
2.0794415417,-0.7810501432
2.1972245773,0.1114565821
2.3025850930,0.7606701783
