#id,creation_time,radius,volume,volume_perc,center_x,center_y,center_z
0,0,9,1,0.000064,18,14,14,
1,0,9,1,0.000064,1,4,6,
2,0,9,1,0.000064,13,6,16,
3,0,9,1,0.000064,14,14,14,
4,0,9,1,0.000064,5,10,3,
5,0,9,1,0.000064,9,17,3,
6,0,9,1,0.000064,16,23,1,
7,0,9,1,0.000064,6,6,17,
8,0,9,1,0.000064,6,14,20,
9,0,9,1,0.000064,7,15,10,
10,0,9,1,0.000064,6,11,0,
11,0,9,1,0.000064,22,12,4,
12,0,9,1,0.000064,4,2,12,
13,0,9,1,0.000064,20,17,3,
14,0,9,1,0.000064,10,24,14,
15,0,9,1,0.000064,13,8,8,
16,0,9,1,0.000064,18,2,6,
17,0,9,1,0.000064,20,10,14,
18,0,9,1,0.000064,14,16,3,
19,0,9,1,0.000064,10,23,21,
20,0,9,1,0.000064,22,7,7,
21,0,9,1,0.000064,22,4,19,
22,0,9,1,0.000064,4,8,23,
23,0,9,1,0.000064,18,4,15,
24,0,9,1,0.000064,24,16,16,
25,0,9,1,0.000064,15,6,0,
26,0,9,1,0.000064,23,24,2,
27,0,9,1,0.000064,4,19,14,
28,0,9,1,0.000064,21,9,5,
29,0,9,1,0.000064,1,21,6,
30,0,9,1,0.000064,22,18,13,
31,0,9,1,0.000064,4,18,17,
32,0,9,1,0.000064,23,24,3,
33,0,9,1,0.000064,24,19,9,
34,0,9,1,0.000064,14,18,0,
35,0,9,1,0.000064,8,8,8,
36,0,9,1,0.000064,10,6,9,
37,0,9,1,0.000064,12,13,4,
38,0,9,1,0.000064,3,11,15,
39,0,9,1,0.000064,8,12,13,
40,0,9,1,0.000064,14,10,8,
41,0,9,1,0.000064,4,14,3,
42,0,9,1,0.000064,24,15,2,
43,0,9,1,0.000064,2,14,22,
44,0,9,1,0.000064,13,5,17,
45,0,9,1,0.000064,13,15,1,
46,0,9,1,0.000064,23,0,9,
47,0,9,1,0.000064,7,14,24,
48,0,9,1,0.000064,13,17,10,
49,0,9,1,0.000064,5,1,0,
