# log(t);log(-log(1-X))
0.0000000000,-4.6717772211
0.6931471806,-3.2493597216
1.0986122887,-2.4698240636
1.3862943611,-1.7002119464
1.6094379124,-1.0692435741
1.7917594692,-0.6118043979
1.9459101491,-0.2314714005
2.0794415417,0.0778213689
2.1972245773,0.3919877358
2.3025850930,0.6369404588
2.3978952728,0.8415390522
2.4849066498,1.0086951379
