# log(t);log(-log(1-X))
0.0000000000,-1.4482836136
0.6931471806,0.0710608382
1.0986122887,0.8952824498
