#id,creation_time,radius,volume,volume_perc,center_r1,center_r2,center_r3,center_r4,center_r5,center_r6
0,0,20,1,0.000000,6,6,14,12,13,13,
1,0,20,1,0.000000,8,15,8,2,13,11,
2,0,20,1,0.000000,11,4,8,2,3,8,
3,1,12,1,0.000000,4,9,12,1,1,14,
4,1,12,1,0.000000,10,3,9,4,11,2,
5,1,12,1,0.000000,10,1,9,9,14,6,
6,2,6,1,0.000000,6,6,5,14,8,2,
7,2,6,1,0.000000,9,10,2,6,11,3,
8,3,1,1,0.000000,4,6,6,13,10,1,
9,3,1,1,0.000000,0,5,3,9,14,1,
