# log(t);log(-log(1-X))
0.0000000000,-1.8836428623
0.6931471806,0.5699649446
