#id,creation_time,radius,volume,volume_perc,center_x,center_y
0,0,21,1,0.000400,8,34,
1,0,21,1,0.000400,1,10,
2,0,21,1,0.000400,17,23,
3,0,21,1,0.000400,11,26,
4,0,21,1,0.000400,20,39,
5,0,21,1,0.000400,17,33,
6,0,21,1,0.000400,9,29,
7,0,21,1,0.000400,43,36,
8,0,21,1,0.000400,36,43,
9,0,21,1,0.000400,18,16,
10,0,21,1,0.000400,9,28,
11,0,21,1,0.000400,4,29,
12,0,21,1,0.000400,25,35,
13,0,21,1,0.000400,13,23,
14,0,21,1,0.000400,23,10,
15,0,21,1,0.000400,27,31,
