# log(t);log(-log(1-X))
0.0000000000,-11.2505547005
0.6931471806,-8.4172373463
1.0986122887,-6.4098004187
1.3862943611,-4.9465057357
1.6094379124,-3.8259905305
1.7917594692,-2.9017263234
1.9459101491,-2.1042217209
2.0794415417,-1.4249418747
2.1972245773,-0.8360154672
2.3025850930,-0.3057191688
2.3978952728,0.1716894736
2.4849066498,0.5950705234
2.5649493575,0.9715930203
