# log(t);log(-log(1-X))
0.0000000000,-11.2505547005
0.6931471806,-8.4082272761
1.0986122887,-6.4079757621
1.3862943611,-4.9426874583
1.6094379124,-3.8016195785
1.7917594692,-2.8567647340
1.9459101491,-2.0447638147
2.0794415417,-1.3508170527
2.1972245773,-0.7576754418
2.3025850930,-0.2367968330
2.3978952728,0.2281946308
2.4849066498,0.6446289022
2.5649493575,1.0208616104
