# log(t);log(-log(1-X))
0.0000000000,-1.7393192394
0.6931471806,0.7347114459
