# log(t);log(-log(1-X))
0.0000000000,-3.9100521819
0.6931471806,-2.3427420613
1.0986122887,-1.3602236148
1.3862943611,-0.6570906051
1.6094379124,-0.0623388339
1.7917594692,0.3922905070
1.9459101491,0.7723355728
2.0794415417,1.0759495013
