# log(t);log(-log(1-X))
0.0000000000,-12.7168967693
0.6931471806,-12.7168967693
1.0986122887,-9.2304940773
1.3862943611,-7.2916076552
1.6094379124,-6.1218439076
1.7917594692,-5.1537567698
1.9459101491,-3.7119435134
2.0794415417,-2.7231970151
2.1972245773,-1.9334214392
2.3025850930,-1.3065052889
2.3978952728,-0.5397918336
2.4849066498,0.0906249883
2.5649493575,0.6024933968
2.6390573296,0.9941149499
