# log(t);log(-log(1-X))
0.0000000000,-4.1271127056
0.6931471806,-3.0035527630
1.0986122887,-2.2049014207
1.3862943611,-1.4843496665
1.6094379124,-0.9497450284
1.7917594692,-0.4818030180
1.9459101491,-0.0819660095
2.0794415417,0.2819887925
2.1972245773,0.5894645129
2.3025850930,0.8427681024
2.3978952728,1.0343975255
