# log(t);log(-log(1-X))
0.0000000000,-8.5475553911
0.6931471806,-5.7699666015
1.0986122887,-3.8683534887
1.3862943611,-2.5011027668
1.6094379124,-1.4697164511
1.7917594692,-0.6303825468
1.9459101491,0.0591397718
2.0794415417,0.5790614280
2.1972245773,0.9808748657
