# log(t);log(-log(1-X))
0.0000000000,-8.5022030703
0.6931471806,-5.6917498146
1.0986122887,-3.7923672162
1.3862943611,-2.4388782352
1.6094379124,-1.4238635383
1.7917594692,-0.6082679654
1.9459101491,0.0616479734
2.0794415417,0.5740612234
2.1972245773,0.9770870690
