#time,new_clusters_asked,new_clusters_created,clusters_total,volume_grow,volume_total,volume_totale_perc
0,50,50,50,50,50,0.000003
1,0,0,50,0,50,0.000003
2,0,0,50,0,50,0.000003
3,0,0,50,3200,3250,0.000194
4,0,0,50,49171,52421,0.003125
5,0,0,50,294493,346914,0.020678
6,0,0,50,971133,1318047,0.078562
7,0,0,50,5684515,7002562,0.417385
8,0,0,50,7258208,14260770,0.850008
