#id,creation_time,radius,volume,volume_perc,center_r1,center_r2,center_r3,center_r4,center_r5
0,0,24,1,0.000000,10,15,8,6,24,
1,0,24,1,0.000000,16,17,13,11,12,
2,0,24,1,0.000000,21,8,3,15,27,
3,1,16,1,0.000000,9,1,24,6,8,
4,1,16,1,0.000000,4,11,13,21,8,
5,1,16,1,0.000000,26,5,24,27,9,
6,2,10,1,0.000000,17,9,24,26,15,
7,2,10,1,0.000000,4,14,16,17,9,
8,2,10,1,0.000000,0,10,18,15,26,
9,3,5,1,0.000000,4,2,26,1,23,
10,3,5,1,0.000000,18,27,12,26,10,
