# log(t);log(-log(1-X))
0.0000000000,-3.4440353293
0.6931471806,-0.9967728216
1.0986122887,0.3467938745
