# log(t);log(-log(1-X))
0.0000000000,-12.7168967693
0.6931471806,-12.7168967693
1.0986122887,-9.2407510775
1.3862943611,-7.2989793867
1.6094379124,-6.1287180081
1.7917594692,-5.1584680381
1.9459101491,-3.7083007266
2.0794415417,-2.7133870290
2.1972245773,-1.9212615808
2.3025850930,-1.3014357017
2.3978952728,-0.5579580916
2.4849066498,0.0253627867
2.5649493575,0.4703519815
2.6390573296,0.8228695751
