# log(t);log(-log(1-X))
0.0000000000,-5.6828668453
0.6931471806,-3.6220807804
1.0986122887,-2.4284982883
1.3862943611,-1.6455995390
1.6094379124,-0.9832433382
1.7917594692,-0.4276202588
1.9459101491,0.0374978926
2.0794415417,0.3215781967
2.1972245773,0.5671706878
2.3025850930,0.7920676372
2.3978952728,1.0075135304
