# log(t);log(-log(1-X))
0.0000000000,-11.3305979081
0.6931471806,-8.4682980181
1.0986122887,-6.4288524373
1.3862943611,-4.9056883391
1.6094379124,-3.7404827351
1.7917594692,-2.7960411889
1.9459101491,-2.0006937620
2.0794415417,-1.3354583251
2.1972245773,-0.7688288103
2.3025850930,-0.2666943456
2.3978952728,0.1833321143
2.4849066498,0.5906362369
2.5649493575,0.9602081468
