# log(t);log(-log(1-X))
0.0000000000,-5.9842236557
0.6931471806,-3.2684227606
1.0986122887,-1.6049709673
1.3862943611,-0.4673701677
1.6094379124,0.3418162565
1.7917594692,0.9730297998
