# log(t);log(-log(1-X))
0.0000000000,-8.8809671208
0.6931471806,-6.5265342106
1.0986122887,-4.9837406937
1.3862943611,-3.8064843276
1.6094379124,-2.8615870591
1.7917594692,-2.1062709616
1.9459101491,-1.4503199957
2.0794415417,-0.9005995387
2.1972245773,-0.4325051332
2.3025850930,-0.0198924926
2.3978952728,0.3317580404
2.4849066498,0.6426304928
2.5649493575,0.9081296530
