# log(t);log(-log(1-X))
0.0000000000,-8.8737981313
0.6931471806,-6.5163260010
1.0986122887,-4.9697244903
1.3862943611,-3.7868466744
1.6094379124,-2.8375829834
1.7917594692,-2.0777303859
1.9459101491,-1.4145179940
2.0794415417,-0.8558540434
2.1972245773,-0.3829524970
2.3025850930,0.0277230946
2.3978952728,0.3720201626
2.4849066498,0.6700667726
2.5649493575,0.9245924214
