# log(t);log(-log(1-X))
0.0000000000,-11.2505547005
0.6931471806,-8.3100560094
1.0986122887,-6.2803460016
1.3862943611,-4.8040480799
1.6094379124,-3.6813643409
1.7917594692,-2.7490387934
1.9459101491,-1.9523564053
2.0794415417,-1.2754736570
2.1972245773,-0.6772942077
2.3025850930,-0.1487126165
2.3978952728,0.3017916741
2.4849066498,0.6878752296
2.5649493575,1.0315789787
