#id,creation_time,radius,volume,volume_perc,center_x,center_y
0,0,13,1,0.000400,29,15,
1,0,13,1,0.000400,3,32,
2,0,13,1,0.000400,31,3,
3,0,13,1,0.000400,6,44,
4,0,13,1,0.000400,35,25,
5,0,13,1,0.000400,14,20,
6,0,13,1,0.000400,35,39,
7,0,13,1,0.000400,6,21,
8,0,13,1,0.000400,6,9,
9,0,13,1,0.000400,33,39,
10,0,13,1,0.000400,28,0,
11,0,13,1,0.000400,32,45,
12,0,13,1,0.000400,48,13,
13,0,13,1,0.000400,23,2,
14,0,13,1,0.000400,14,19,
15,0,13,1,0.000400,19,43,
