# log(t);log(-log(1-X))
0.0000000000,-2.9142441829
0.6931471806,-2.0713397255
1.0986122887,-1.5066797416
1.3862943611,-0.8695063035
1.6094379124,-0.4914290554
1.7917594692,-0.0819660095
1.9459101491,0.1922759933
2.0794415417,0.4414432153
2.1972245773,0.7282601280
2.3025850930,0.8974780714
2.3978952728,1.0711627169
