# log(t);log(-log(1-X))
0.0000000000,-2.3721330590
0.6931471806,-0.0477116557
