# log(t);log(-log(1-X))
0.0000000000,-12.7168967693
0.6931471806,-12.7168967693
1.0986122887,-8.5527238613
1.3862943611,-5.7868269930
1.6094379124,-3.9040622221
1.7917594692,-2.5517476547
1.9459101491,-0.6475975800
2.0794415417,0.6203818246
