# log(t);log(-log(1-X))
0.0000000000,-4.6529645746
0.6931471806,-3.2197754958
1.0986122887,-2.4443943466
1.3862943611,-1.7016850177
1.6094379124,-1.0978952106
1.7917594692,-0.6608714161
1.9459101491,-0.2968195400
2.0794415417,0.0049349008
2.1972245773,0.2984828205
2.3025850930,0.5201676860
2.3978952728,0.7079139796
2.4849066498,0.8825492892
2.5649493575,1.0505576925
