# log(t);log(-log(1-X))
0.0000000000,-1.4444994206
0.6931471806,0.0351694877
1.0986122887,1.0101003998
