# log(t);log(-log(1-X))
0.0000000000,-8.8737981313
0.6931471806,-6.5149727345
1.0986122887,-4.9635091110
1.3862943611,-3.7783079875
1.6094379124,-2.8273671128
1.7917594692,-2.0595282985
1.9459101491,-1.3838375468
2.0794415417,-0.8090173811
2.1972245773,-0.3143185183
2.3025850930,0.1248542078
2.3978952728,0.4977642038
2.4849066498,0.8259750822
