# log(t);log(-log(1-X))
0.0000000000,-4.1271127056
0.6931471806,-2.9784361108
1.0986122887,-2.1968292112
1.3862943611,-1.4821377631
1.6094379124,-0.9285687592
1.7917594692,-0.4389111821
1.9459101491,-0.0209881875
2.0794415417,0.3382019848
2.1972245773,0.7100464993
2.3025850930,1.0249992637
