# log(t);log(-log(1-X))
0.0000000000,-6.0658904131
0.6931471806,-4.1904127788
1.0986122887,-3.0779999733
1.3862943611,-2.2695987551
1.6094379124,-1.6471786015
1.7917594692,-1.1597753401
1.9459101491,-0.7661626454
2.0794415417,-0.4341510204
2.1972245773,-0.1505918469
2.3025850930,0.0921592559
2.3978952728,0.3076072519
2.4849066498,0.5069601177
2.5649493575,0.6902006359
2.6390573296,0.8549293539
2.7080502011,1.0032202743
