# log(t);log(-log(1-X))
0.0000000000,-4.6709144521
0.6931471806,-3.2515054116
1.0986122887,-2.4846404174
1.3862943611,-1.7359577160
1.6094379124,-1.1216860316
1.7917594692,-0.6700050157
1.9459101491,-0.2909843996
2.0794415417,0.0321015099
2.1972245773,0.3581096607
2.3025850930,0.6004984440
2.3978952728,0.7916927885
2.4849066498,0.9541540044
2.5649493575,1.0965481980
