# log(t);log(-log(1-X))
0.0000000000,-1.4867427797
0.6931471806,-0.0116360271
1.0986122887,0.9845292249
