# log(t);log(-log(1-X))
0.0000000000,-3.7978720906
0.6931471806,-2.1735153634
1.0986122887,-1.2173711701
1.3862943611,-0.5558470993
1.6094379124,-0.0403815848
1.7917594692,0.3758286871
1.9459101491,0.7586353695
