# log(t);log(-log(1-X))
0.0000000000,-8.5527238613
0.6931471806,-5.7767415288
1.0986122887,-3.8764989752
1.3862943611,-2.5037403350
1.6094379124,-1.4660878864
1.7917594692,-0.6280359264
1.9459101491,0.0549793363
2.0794415417,0.5763906718
2.1972245773,0.9950152547
