# log(t);log(-log(1-X))
0.0000000000,-8.5475553911
0.6931471806,-5.7625985693
1.0986122887,-3.8534101292
1.3862943611,-2.4906421057
1.6094379124,-1.4675348187
1.7917594692,-0.6308496202
1.9459101491,0.0563869096
2.0794415417,0.5764439657
2.1972245773,0.9840949469
