# log(t);log(-log(1-X))
0.0000000000,-4.1271127056
0.6931471806,-3.0556604778
1.0986122887,-2.3110450625
1.3862943611,-1.6802382475
1.6094379124,-1.1771461269
1.7917594692,-0.7326787961
1.9459101491,-0.3274990883
2.0794415417,0.0518868758
2.1972245773,0.4451009583
2.3025850930,0.8185535068
