# log(t);log(-log(1-X))
0.0000000000,-3.9580536446
0.6931471806,-2.2250094679
1.0986122887,-1.2328988842
1.3862943611,-0.5582306165
1.6094379124,-0.0367500114
1.7917594692,0.3718907763
1.9459101491,0.7474778047
