# log(t);log(-log(1-X))
0.0000000000,-3.8884913541
0.6931471806,-1.5876569058
1.0986122887,-0.3149808276
1.3862943611,0.5369713111
