# log(t);log(-log(1-X))
0.0000000000,-8.8954611282
0.6931471806,-6.5549795260
1.0986122887,-5.0154022232
1.3862943611,-3.8354589763
1.6094379124,-2.8833646270
1.7917594692,-2.1168819779
1.9459101491,-1.4446014072
2.0794415417,-0.8760745223
2.1972245773,-0.3923082129
2.3025850930,0.0293275399
2.3978952728,0.3845686634
2.4849066498,0.6942054221
2.5649493575,0.9570958476
