# log(t);log(-log(1-X))
0.0000000000,-4.2332834954
0.6931471806,-3.1584853100
1.0986122887,-2.3611608458
1.3862943611,-1.6673736157
1.6094379124,-1.1115158520
1.7917594692,-0.6887642057
1.9459101491,-0.3377832526
2.0794415417,-0.0166381683
2.1972245773,0.2763141650
2.3025850930,0.5341214444
2.3978952728,0.7626141938
2.4849066498,0.9823609854
