# log(t);log(-log(1-X))
0.0000000000,-4.6546604025
0.6931471806,-3.2214435670
1.0986122887,-2.4522651547
1.3862943611,-1.7114096177
1.6094379124,-1.1047068399
1.7917594692,-0.6647697056
1.9459101491,-0.2956201394
2.0794415417,0.0244219672
2.1972245773,0.3539981040
2.3025850930,0.6118803034
2.3978952728,0.8413636364
2.4849066498,1.0562015239
