# log(t);log(-log(1-X))
0.0000000000,-1.4503523449
0.6931471806,0.0212461786
1.0986122887,0.9918729508
