# log(t);log(-log(1-X))
0.0000000000,-5.3767832329
0.6931471806,-3.2027275190
1.0986122887,-1.9988498716
1.3862943611,-1.2548730375
1.6094379124,-0.6241444079
1.7917594692,-0.0749999142
1.9459101491,0.3991086479
2.0794415417,0.7174984592
2.1972245773,0.9975412701
