# log(t);log(-log(1-X))
0.0000000000,-4.1271127056
0.6931471806,-2.9784361108
1.0986122887,-2.2212219375
1.3862943611,-1.5225448308
1.6094379124,-0.9573749217
1.7917594692,-0.4686246864
1.9459101491,-0.0885129785
2.0794415417,0.2323822763
2.1972245773,0.4783722233
2.3025850930,0.6746062486
2.3978952728,0.8569592682
2.4849066498,0.9737654675
2.5649493575,1.0661115089
