# log(t);log(-log(1-X))
0.0000000000,-9.3728168000
0.6931471806,-7.3382131070
1.0986122887,-6.0100324211
1.3862943611,-4.9349539762
1.6094379124,-4.0220305761
1.7917594692,-3.2857032098
1.9459101491,-2.6636383394
2.0794415417,-2.1187008039
2.1972245773,-1.6307630949
2.3025850930,-1.1949294075
2.3978952728,-0.8033125546
2.4849066498,-0.4451244947
2.5649493575,-0.1158833240
2.6390573296,0.1909343211
2.7080502011,0.4732278294
2.7725887222,0.7303159891
2.8332133441,0.9569608826
