# log(t);log(-log(1-X))
0.0000000000,-1.4101234962
