# log(t);log(-log(1-X))
0.0000000000,-5.9998716451
0.6931471806,-3.3183414899
1.0986122887,-1.6585683294
1.3862943611,-0.4861543791
1.6094379124,0.3711028588
1.7917594692,1.0013229646
