# log(t);log(-log(1-X))
0.0000000000,-3.6546410800
0.6931471806,-1.5965469646
1.0986122887,-0.2668712760
1.3862943611,0.5111801937
1.6094379124,1.0694208556
