#time,new_clusters_asked,new_clusters_created,clusters_total,volume_grow,volume_total,volume_totale_perc
0,50,50,50,50,50,0.000128
1,0,0,50,9926,9976,0.025539
2,0,0,50,61661,71637,0.183391
3,0,0,50,137357,208994,0.535025
4,0,0,50,107895,316889,0.811236
5,0,0,50,52535,369424,0.945725
