# log(t);log(-log(1-X))
0.0000000000,-6.6920235788
0.6931471806,-5.0997028535
1.0986122887,-4.0827308388
1.3862943611,-3.2216522638
1.6094379124,-2.4872514730
1.7917594692,-1.8836581773
1.9459101491,-1.3637996572
2.0794415417,-0.9081946939
2.1972245773,-0.4886819913
2.3025850930,-0.1134924534
2.3978952728,0.2176766222
2.4849066498,0.5045982126
2.5649493575,0.7468050975
2.6390573296,0.9436189497
