# log(t);log(-log(1-X))
0.0000000000,-1.9374468631
0.6931471806,0.4164102150
