# log(t);log(-log(1-X))
0.0000000000,-2.0255067965
0.6931471806,0.3737970481
