# log(t);log(-log(1-X))
0.0000000000,-5.9774784370
0.6931471806,-3.2701160663
1.0986122887,-1.5853782847
1.3862943611,-0.4295608360
1.6094379124,0.4028947452
1.7917594692,1.0196660367
