# log(t);log(-log(1-X))
0.0000000000,-4.6674707311
0.6931471806,-3.2538707937
1.0986122887,-2.4890305679
1.3862943611,-1.7485844154
1.6094379124,-1.1333314840
1.7917594692,-0.6722751979
1.9459101491,-0.2742274490
2.0794415417,0.0731758527
2.1972245773,0.4342954355
2.3025850930,0.7253222829
2.3978952728,0.9901161692
