# log(t);log(-log(1-X))
0.0000000000,-1.4631825083
0.6931471806,0.0040215489
1.0986122887,1.0453107969
