# log(t);log(-log(1-X))
0.0000000000,-12.7168967693
0.6931471806,-12.7168967693
1.0986122887,-8.8737981313
1.3862943611,-6.5075622796
1.6094379124,-4.9493434514
1.7917594692,-3.7538974610
1.9459101491,-2.0208199810
2.0794415417,-0.7947331946
2.1972245773,0.0927817635
2.3025850930,0.7427793490
