# log(t);log(-log(1-X))
0.0000000000,-3.8792615718
0.6931471806,-2.3981396551
1.0986122887,-1.4645280962
1.3862943611,-0.7166492971
1.6094379124,-0.0804252439
1.7917594692,0.4022920733
1.9459101491,0.7444350698
2.0794415417,0.9985469542
