#id,creation_time,radius,volume,volume_perc,center_r1,center_r2,center_r3,center_r4,center_r5
0,0,28,1,0.000000,15,4,2,23,18,
1,0,28,1,0.000000,5,11,25,5,2,
2,0,28,1,0.000000,10,23,9,12,3,
3,1,20,1,0.000000,16,11,9,9,7,
4,1,20,1,0.000000,27,5,6,10,9,
5,1,20,1,0.000000,15,0,13,24,2,
6,2,14,1,0.000000,25,15,14,6,21,
7,2,14,1,0.000000,0,16,0,9,12,
8,3,9,1,0.000000,2,7,19,21,18,
9,3,9,1,0.000000,0,8,2,14,16,
10,4,5,1,0.000000,9,27,9,22,20,
11,5,1,1,0.000000,5,9,2,0,18,
