# log(t);log(-log(1-X))
0.0000000000,-12.7168967693
0.6931471806,-12.7168967693
1.0986122887,-8.8737981313
1.3862943611,-6.5075622796
1.6094379124,-4.9510499266
1.7917594692,-3.7688639550
1.9459101491,-2.0747472444
2.0794415417,-0.8832055188
2.1972245773,-0.0249660783
2.3025850930,0.6079068943
