# log(t);log(-log(1-X))
0.0000000000,-2.5402417128
0.6931471806,0.0955015844
