# log(t);log(-log(1-X))
0.0000000000,-3.7624984759
0.6931471806,-1.4997719445
1.0986122887,-0.2627167406
1.3862943611,0.5048228473
