# log(t);log(-log(1-X))
0.0000000000,-11.6182814806
0.6931471806,-8.9712599681
1.0986122887,-7.0238439301
1.3862943611,-5.4813617450
1.6094379124,-4.2297919829
1.7917594692,-3.1906537570
1.9459101491,-2.2966615197
2.0794415417,-1.5342403297
2.1972245773,-0.8942343439
2.3025850930,-0.3471366867
2.3978952728,0.1272853994
2.4849066498,0.5385603040
2.5649493575,0.8984551004
