#id,creation_time,radius,volume,volume_perc,center_x,center_y
0,0,12,1,0.000400,40,37,
1,0,12,1,0.000400,49,10,
2,0,12,1,0.000400,10,31,
3,0,12,1,0.000400,18,15,
4,0,12,1,0.000400,34,39,
5,0,12,1,0.000400,3,30,
6,0,12,1,0.000400,6,19,
7,0,12,1,0.000400,4,35,
8,0,12,1,0.000400,7,6,
9,0,12,1,0.000400,33,8,
10,0,12,1,0.000400,13,9,
11,0,12,1,0.000400,15,38,
12,0,12,1,0.000400,36,31,
13,0,12,1,0.000400,14,42,
14,0,12,1,0.000400,19,35,
15,0,12,1,0.000400,43,11,
