# log(t);log(-log(1-X))
0.0000000000,-2.8464000734
0.6931471806,-1.9681009515
1.0986122887,-1.3883463584
1.3862943611,-0.7900648398
1.6094379124,-0.4638487046
1.7917594692,-0.1213075217
1.9459101491,0.1338237654
2.0794415417,0.3933416431
2.1972245773,0.6906943715
2.3025850930,0.9128155876
