# log(t);log(-log(1-X))
0.0000000000,-12.7168967693
0.6931471806,-12.7168967693
1.0986122887,-8.5683914783
1.3862943611,-5.8166953903
1.6094379124,-3.9358309483
1.7917594692,-2.5884795529
1.9459101491,-0.7135384655
2.0794415417,0.5255834686
