# log(t);log(-log(1-X))
0.0000000000,-12.7168967693
0.6931471806,-12.7168967693
1.0986122887,-8.8954611282
1.3862943611,-6.5451753784
1.6094379124,-4.9994470017
1.7917594692,-3.8161444743
1.9459101491,-2.1083053020
2.0794415417,-0.8980114743
2.1972245773,-0.0161053140
2.3025850930,0.6293808701
