# log(t);log(-log(1-X))
0.0000000000,-4.1271127056
0.6931471806,-3.0035527630
1.0986122887,-2.2503673273
1.3862943611,-1.6001243385
1.6094379124,-1.1216860316
1.7917594692,-0.7139282989
1.9459101491,-0.3850326672
2.0794415417,-0.0754224119
2.1972245773,0.2391055633
2.3025850930,0.5187106809
2.3978952728,0.7252000724
2.4849066498,0.8750919970
2.5649493575,1.0089215603
