# log(t);log(-log(1-X))
0.0000000000,-6.6920235788
0.6931471806,-5.1143265257
1.0986122887,-4.1454226065
1.3862943611,-3.3164248609
1.6094379124,-2.6164587135
1.7917594692,-2.0310119940
1.9459101491,-1.5162205951
2.0794415417,-1.0625241447
2.1972245773,-0.6470010601
2.3025850930,-0.2704704598
2.3978952728,0.0763381087
2.4849066498,0.3936980812
2.5649493575,0.6966679282
2.6390573296,0.9795108794
