# log(t);log(-log(1-X))
0.0000000000,-1.7366820961
0.6931471806,0.6016671492
