#id,creation_time,radius,volume,volume_perc,center_x,center_y
0,0,16,1,0.000400,18,7,
1,0,16,1,0.000400,16,32,
2,0,16,1,0.000400,18,36,
3,0,16,1,0.000400,49,36,
4,0,16,1,0.000400,2,47,
5,0,16,1,0.000400,16,27,
6,0,16,1,0.000400,9,11,
7,0,16,1,0.000400,29,36,
8,0,16,1,0.000400,7,31,
9,0,16,1,0.000400,29,23,
10,0,16,1,0.000400,25,9,
11,0,16,1,0.000400,17,31,
12,0,16,1,0.000400,30,8,
13,0,16,1,0.000400,19,45,
14,0,16,1,0.000400,15,22,
15,0,16,1,0.000400,13,35,
