# log(t);log(-log(1-X))
0.0000000000,-2.8760180608
0.6931471806,-2.0254635527
1.0986122887,-1.5021826497
1.3862943611,-0.9076603177
1.6094379124,-0.5785400389
1.7917594692,-0.2372711125
1.9459101491,0.0170701234
2.0794415417,0.2279066692
2.1972245773,0.4280940904
2.3025850930,0.5562460113
2.3978952728,0.7025582779
2.4849066498,0.8151548813
2.5649493575,0.9385170283
2.6390573296,1.0463754856
