#id,creation_time,radius,volume,volume_perc,center_x,center_y
0,0,16,1,0.000400,0,44,
1,0,16,1,0.000400,47,49,
2,0,16,1,0.000400,6,40,
3,0,16,1,0.000400,26,46,
4,0,16,1,0.000400,17,31,
5,0,16,1,0.000400,21,30,
6,0,16,1,0.000400,26,18,
7,0,16,1,0.000400,13,14,
8,0,16,1,0.000400,13,25,
9,0,16,1,0.000400,31,34,
10,0,16,1,0.000400,26,25,
11,0,16,1,0.000400,24,38,
12,0,16,1,0.000400,31,17,
13,0,16,1,0.000400,9,32,
14,0,16,1,0.000400,34,11,
15,0,16,1,0.000400,36,36,
