# log(t);log(-log(1-X))
0.0000000000,-2.8685356566
0.6931471806,-1.9947413073
1.0986122887,-1.4132699173
1.3862943611,-0.8279232899
1.6094379124,-0.5462723954
1.7917594692,-0.2810076172
1.9459101491,-0.0841479450
2.0794415417,0.0998750689
2.1972245773,0.3128206992
2.3025850930,0.4548919815
2.3978952728,0.6153134142
2.4849066498,0.7468363750
2.5649493575,0.9186583337
2.6390573296,1.0918759586
