# log(t);log(-log(1-X))
0.0000000000,-12.7168967693
0.6931471806,-12.7168967693
1.0986122887,-8.5424134915
1.3862943611,-5.7664360073
1.6094379124,-3.8592546918
1.7917594692,-2.4858407267
1.9459101491,-0.6434383659
2.0794415417,0.5482759971
