# log(t);log(-log(1-X))
0.0000000000,-12.7168967693
0.6931471806,-12.7168967693
1.0986122887,-8.5475553911
1.3862943611,-5.7767415288
1.6094379124,-3.8914365987
1.7917594692,-2.5324883958
1.9459101491,-0.6661228355
2.0794415417,0.5424384144
