# log(t);log(-log(1-X))
0.0000000000,-9.4210209019
0.6931471806,-7.3887130209
1.0986122887,-6.0581460756
1.3862943611,-4.9855065173
1.6094379124,-4.0680598024
1.7917594692,-3.3156249293
1.9459101491,-2.6775272238
2.0794415417,-2.1151595905
2.1972245773,-1.6096165366
2.3025850930,-1.1602205107
2.3978952728,-0.7577402147
2.4849066498,-0.3898104059
2.5649493575,-0.0532230807
2.6390573296,0.2519532635
2.7080502011,0.5229515273
2.7725887222,0.7656321989
2.8332133441,0.9824042733
