# log(t);log(-log(1-X))
0.0000000000,-12.7168967693
0.6931471806,-12.7168967693
1.0986122887,-8.5579191783
1.3862943611,-5.7901021198
1.6094379124,-3.8970007901
1.7917594692,-2.5272687285
1.9459101491,-0.5940748936
2.0794415417,0.6797743801
