# log(t);log(-log(1-X))
0.0000000000,-4.1271127056
0.6931471806,-2.9867419381
1.0986122887,-2.1968292112
1.3862943611,-1.4910081793
1.6094379124,-0.9558460765
1.7917594692,-0.5229673597
1.9459101491,-0.1311684509
2.0794415417,0.2000453243
2.1972245773,0.5225480213
2.3025850930,0.8305659116
2.3978952728,1.0111907169
