# log(t);log(-log(1-X))
0.0000000000,-12.7168967693
0.6931471806,-12.7168967693
1.0986122887,-8.8737981313
1.3862943611,-6.5190380322
1.6094379124,-4.9802183097
1.7917594692,-3.8091098762
1.9459101491,-2.1341844311
2.0794415417,-0.9698814138
2.1972245773,-0.1224683267
2.3025850930,0.5171211247
