# log(t);log(-log(1-X))
0.0000000000,-12.7168967693
0.6931471806,-12.7168967693
1.0986122887,-8.8525944234
1.3862943611,-6.4771538218
1.6094379124,-4.9131995459
1.7917594692,-3.7195216667
1.9459101491,-2.0008122775
2.0794415417,-0.7905054619
2.1972245773,0.0881302310
2.3025850930,0.7430829960
