# log(t);log(-log(1-X))
0.0000000000,-6.6920235788
0.6931471806,-5.0891993897
1.0986122887,-4.0779169928
1.3862943611,-3.2206091975
1.6094379124,-2.5107162042
1.7917594692,-1.9323753397
1.9459101491,-1.4460891680
2.0794415417,-1.0276016319
2.1972245773,-0.6417203775
2.3025850930,-0.2926571590
2.3978952728,0.0249657908
2.4849066498,0.3190279142
2.5649493575,0.5774069691
2.6390573296,0.8048441851
2.7080502011,1.0117821743
