# log(t);log(-log(1-X))
0.0000000000,-11.4176097851
0.6931471806,-8.7402567374
1.0986122887,-6.8173673255
1.3862943611,-5.3407102736
1.6094379124,-4.1403671747
1.7917594692,-3.1208153203
1.9459101491,-2.2426638532
2.0794415417,-1.4859944557
2.1972245773,-0.8288977900
2.3025850930,-0.2608681351
2.3978952728,0.2214121477
2.4849066498,0.6329396338
2.5649493575,0.9920599167
