# log(t);log(-log(1-X))
0.0000000000,-6.7248334220
0.6931471806,-5.1223935846
1.0986122887,-4.1071478918
1.3862943611,-3.2380608528
1.6094379124,-2.4937539965
1.7917594692,-1.8894923220
1.9459101491,-1.3745903904
2.0794415417,-0.9276973066
2.1972245773,-0.5131479731
2.3025850930,-0.1574371206
2.3978952728,0.1475350836
2.4849066498,0.4276346569
2.5649493575,0.6825016403
2.6390573296,0.9125829367
