# log(t);log(-log(1-X))
0.0000000000,-12.7168967693
0.6931471806,-12.7168967693
1.0986122887,-8.9101682757
1.3862943611,-6.5698681024
1.6094379124,-5.0271529865
1.7917594692,-3.8461630871
1.9459101491,-2.1508375606
2.0794415417,-0.9403256799
2.1972245773,-0.0322649219
2.3025850930,0.6500041384
