# log(t);log(-log(1-X))
0.0000000000,-3.7428576518
0.6931471806,-1.4367075545
1.0986122887,-0.1827075574
1.3862943611,0.6228083950
