# log(t);log(-log(1-X))
0.0000000000,-12.7168967693
0.6931471806,-12.7168967693
1.0986122887,-9.2615861645
1.3862943611,-7.3459376545
1.6094379124,-6.1972253822
1.7917594692,-5.2430841120
1.9459101491,-3.8116497064
2.0794415417,-2.8088980522
2.1972245773,-1.9857985874
2.3025850930,-1.3250139269
2.3978952728,-0.5199570920
2.4849066498,0.1359341184
2.5649493575,0.6576885003
2.6390573296,1.0605236585
