# log(t);log(-log(1-X))
0.0000000000,-6.6602548595
0.6931471806,-5.0444936716
1.0986122887,-4.0351269888
1.3862943611,-3.1761175638
1.6094379124,-2.4495342347
1.7917594692,-1.8666287056
1.9459101491,-1.3730028458
2.0794415417,-0.9434847183
2.1972245773,-0.5393063452
2.3025850930,-0.1727251832
2.3978952728,0.1472271410
2.4849066498,0.4414188553
2.5649493575,0.7172598537
2.6390573296,0.9716780683
