# log(t);log(-log(1-X))
0.0000000000,-6.0789321134
0.6931471806,-4.2106636476
1.0986122887,-3.0896611448
1.3862943611,-2.2619431036
1.6094379124,-1.6335493588
1.7917594692,-1.1251470374
1.9459101491,-0.6975684687
2.0794415417,-0.3245535843
2.1972245773,-0.0003168398
2.3025850930,0.2816991345
2.3978952728,0.5255898860
2.4849066498,0.7458868030
2.5649493575,0.9529202733
