# log(t);log(-log(1-X))
0.0000000000,-3.6157977024
0.6931471806,-1.5694536240
1.0986122887,-0.2529243606
1.3862943611,0.5572894811
