# log(t);log(-log(1-X))
0.0000000000,-6.6424341269
0.6931471806,-4.7204025427
1.0986122887,-3.5675251560
1.3862943611,-2.6144433263
1.6094379124,-1.7980936672
1.7917594692,-1.1951842880
1.9459101491,-0.6900675637
2.0794415417,-0.2406873337
2.1972245773,0.1602374903
2.3025850930,0.4890640929
2.3978952728,0.7645984419
2.4849066498,1.0044099587
