#id,creation_time,radius,volume,volume_perc,center_x,center_y
0,0,17,1,0.000400,39,45,
1,0,17,1,0.000400,24,26,
2,0,17,1,0.000400,36,42,
3,0,17,1,0.000400,5,40,
4,0,17,1,0.000400,30,29,
5,0,17,1,0.000400,3,21,
6,0,17,1,0.000400,38,37,
7,0,17,1,0.000400,32,9,
8,0,17,1,0.000400,17,25,
9,0,17,1,0.000400,36,37,
10,0,17,1,0.000400,3,31,
11,0,17,1,0.000400,29,1,
12,0,17,1,0.000400,49,1,
13,0,17,1,0.000400,35,47,
14,0,17,1,0.000400,45,36,
15,0,17,1,0.000400,30,36,
