# log(t);log(-log(1-X))
0.0000000000,-2.8685356566
0.6931471806,-2.0254635527
1.0986122887,-1.4843496665
1.3862943611,-0.9330836258
1.6094379124,-0.6548305983
1.7917594692,-0.3838720116
1.9459101491,-0.1696382468
2.0794415417,0.0312094619
2.1972245773,0.2683868116
2.3025850930,0.4208529170
2.3978952728,0.5707572985
2.4849066498,0.6966086083
2.5649493575,0.8340324452
2.6390573296,0.9610957690
2.7080502011,1.0788326511
