# log(t);log(-log(1-X))
0.0000000000,-4.6597650443
0.6931471806,-3.2340400003
1.0986122887,-2.4656128356
1.3862943611,-1.7382881052
1.6094379124,-1.1576691712
1.7917594692,-0.7332710506
1.9459101491,-0.3709479062
2.0794415417,-0.0657653083
2.1972245773,0.2514861821
2.3025850930,0.4904397117
2.3978952728,0.6947122377
2.4849066498,0.8887745012
2.5649493575,1.0724331908
