# log(t);log(-log(1-X))
0.0000000000,-1.5082123447
0.6931471806,0.0094147486
1.0986122887,0.9897654389
