# log(t);log(-log(1-X))
0.0000000000,-8.9027876684
0.6931471806,-6.5720132277
1.0986122887,-5.0459001744
1.3862943611,-3.8784221361
1.6094379124,-2.9434685266
1.7917594692,-2.1964874224
1.9459101491,-1.5454170696
2.0794415417,-0.9919519223
2.1972245773,-0.5126464744
2.3025850930,-0.0890778210
2.3978952728,0.2625838453
2.4849066498,0.5625487477
2.5649493575,0.8140238248
2.6390573296,1.0318029911
