# log(t);log(-log(1-X))
0.0000000000,-3.5920124632
0.6931471806,-1.3943888335
1.0986122887,-0.1212719334
1.3862943611,0.6891255727
