# log(t);log(-log(1-X))
0.0000000000,-1.4694702189
0.6931471806,-0.0057208152
1.0986122887,0.9616812512
