# log(t);log(-log(1-X))
0.0000000000,-4.6487374250
0.6931471806,-3.2170705646
1.0986122887,-2.4486254402
1.3862943611,-1.7132150628
1.6094379124,-1.1204279396
1.7917594692,-0.6918725984
1.9459101491,-0.3146055992
2.0794415417,0.0196148665
2.1972245773,0.3627438853
2.3025850930,0.6323253780
2.3978952728,0.8739544410
