#id,creation_time,radius,volume,volume_perc,center_r1,center_r2,center_r3,center_r4
0,0,11,1,0.000003,20,2,20,22,
1,0,11,1,0.000003,14,5,10,21,
2,0,11,1,0.000003,15,17,9,5,
3,0,11,1,0.000003,20,10,19,24,
4,0,11,1,0.000003,10,4,22,9,
5,0,11,1,0.000003,4,16,12,5,
6,0,11,1,0.000003,13,24,23,1,
7,0,11,1,0.000003,14,1,15,9,
8,0,11,1,0.000003,4,10,9,20,
9,0,11,1,0.000003,17,19,18,7,
10,0,11,1,0.000003,13,3,14,8,
11,0,11,1,0.000003,15,11,9,2,
12,0,11,1,0.000003,15,6,12,22,
13,0,11,1,0.000003,22,1,2,11,
14,0,11,1,0.000003,0,3,14,17,
15,0,11,1,0.000003,6,6,3,12,
16,0,11,1,0.000003,16,12,8,10,
17,0,11,1,0.000003,8,1,18,21,
18,0,11,1,0.000003,6,7,7,22,
19,0,11,1,0.000003,18,16,24,11,
20,0,11,1,0.000003,23,13,8,22,
21,0,11,1,0.000003,15,12,10,17,
22,0,11,1,0.000003,17,24,9,24,
23,0,11,1,0.000003,5,13,11,23,
24,0,11,1,0.000003,2,21,11,11,
25,0,11,1,0.000003,0,6,9,6,
26,0,11,1,0.000003,13,16,5,9,
27,0,11,1,0.000003,10,7,22,8,
28,0,11,1,0.000003,20,5,7,10,
29,0,11,1,0.000003,19,18,5,12,
30,0,11,1,0.000003,17,14,13,0,
31,0,11,1,0.000003,2,1,0,5,
32,0,11,1,0.000003,23,13,18,23,
33,0,11,1,0.000003,19,2,6,8,
34,0,11,1,0.000003,21,12,19,6,
35,0,11,1,0.000003,19,18,16,16,
36,0,11,1,0.000003,0,23,4,19,
37,0,11,1,0.000003,16,9,8,11,
38,0,11,1,0.000003,23,21,13,3,
39,0,11,1,0.000003,23,13,10,23,
40,0,11,1,0.000003,2,3,23,21,
41,0,11,1,0.000003,7,4,6,3,
42,0,11,1,0.000003,18,2,9,14,
43,0,11,1,0.000003,20,0,8,20,
44,0,11,1,0.000003,24,12,17,15,
45,0,11,1,0.000003,21,0,1,19,
46,0,11,1,0.000003,24,16,24,22,
47,0,11,1,0.000003,5,9,22,9,
48,0,11,1,0.000003,12,20,7,20,
49,0,11,1,0.000003,1,16,0,22,
