#time,new_clusters_asked,new_clusters_created,clusters_total,volume_grow,volume_total,volume_totale_perc
0,50,50,50,50,50,0.000128
1,0,0,50,9857,9907,0.025362
2,0,0,50,60255,70162,0.179615
3,0,0,50,139647,209809,0.537111
4,0,0,50,116293,326102,0.834821
