# log(t);log(-log(1-X))
0.0000000000,-6.6485967342
0.6931471806,-4.7272185866
1.0986122887,-3.5689474174
1.3862943611,-2.6035054879
1.6094379124,-1.7738910223
1.7917594692,-1.1564191191
1.9459101491,-0.6325812420
2.0794415417,-0.1610907086
2.1972245773,0.2668630342
2.3025850930,0.6279827169
2.3978952728,0.9411185821
