# log(t);log(-log(1-X))
0.0000000000,-3.6616862057
0.6931471806,-1.6195815015
1.0986122887,-0.2610167799
1.3862943611,0.5881896640
