# log(t);log(-log(1-X))
0.0000000000,-9.3728168000
0.6931471806,-7.3474897454
1.0986122887,-6.0265069670
1.3862943611,-4.9581915286
1.6094379124,-4.0473449693
1.7917594692,-3.3072626655
1.9459101491,-2.6717919806
2.0794415417,-2.1063359300
2.1972245773,-1.5954594338
2.3025850930,-1.1380275441
2.3978952728,-0.7275378707
2.4849066498,-0.3554430315
2.5649493575,-0.0204036326
2.6390573296,0.2841251560
2.7080502011,0.5593426974
2.7725887222,0.8093303892
2.8332133441,1.0353461827
