# log(t);log(-log(1-X))
0.0000000000,-2.0673860403
0.6931471806,0.5136192821
