# log(t);log(-log(1-X))
0.0000000000,-6.6602548595
0.6931471806,-5.0520178355
1.0986122887,-4.0527770670
1.3862943611,-3.2009868038
1.6094379124,-2.4798523415
1.7917594692,-1.8939333150
1.9459101491,-1.3951951954
2.0794415417,-0.9606208456
2.1972245773,-0.5643118634
2.3025850930,-0.2124028851
2.3978952728,0.1000717993
2.4849066498,0.3680449654
2.5649493575,0.5954018785
2.6390573296,0.7930446892
2.7080502011,0.9714229599
