# log(t);log(-log(1-X))
0.0000000000,-6.0784946449
0.6931471806,-4.2050015454
1.0986122887,-3.0720593985
1.3862943611,-2.2352003119
1.6094379124,-1.5926001043
1.7917594692,-1.0794241499
1.9459101491,-0.6560865738
2.0794415417,-0.3085389714
2.1972245773,-0.0220839074
2.3025850930,0.2218643266
2.3978952728,0.4248743781
2.4849066498,0.6004407174
2.5649493575,0.7564669137
2.6390573296,0.8952824498
2.7080502011,1.0204396935
