# log(t);log(-log(1-X))
0.0000000000,-6.0917024769
0.6931471806,-4.2304893250
1.0986122887,-3.1283273975
1.3862943611,-2.3175565421
1.6094379124,-1.6940430274
1.7917594692,-1.1904607104
1.9459101491,-0.7724297271
2.0794415417,-0.4117440315
2.1972245773,-0.0928796266
2.3025850930,0.1819624767
2.3978952728,0.4242316987
2.4849066498,0.6446677078
2.5649493575,0.8449898494
2.6390573296,1.0209772593
