# log(t);log(-log(1-X))
0.0000000000,-12.7168967693
0.6931471806,-12.7168967693
1.0986122887,-9.2615861645
1.3862943611,-7.3412957741
1.6094379124,-6.1791707779
1.7917594692,-5.2108814485
1.9459101491,-3.7601655548
2.0794415417,-2.7505225892
2.1972245773,-1.9378958807
2.3025850930,-1.2960819959
2.3978952728,-0.5259996555
2.4849066498,0.0869485613
2.5649493575,0.5756348025
2.6390573296,0.9674084473
