# log(t);log(-log(1-X))
0.0000000000,-12.7168967693
0.6931471806,-12.7168967693
1.0986122887,-8.8954611282
1.3862943611,-6.5500654542
1.6094379124,-5.0081458749
1.7917594692,-3.8330954335
1.9459101491,-2.1458485399
2.0794415417,-0.9580136409
2.1972245773,-0.0903631440
2.3025850930,0.5592802331
