# log(t);log(-log(1-X))
0.0000000000,-11.4176097851
0.6931471806,-8.6169230199
1.0986122887,-6.6294631791
1.3862943611,-5.1315470282
1.6094379124,-3.9452731350
1.7917594692,-2.9649751319
1.9459101491,-2.1321887250
2.0794415417,-1.4305220884
2.1972245773,-0.8277709619
2.3025850930,-0.3022582696
2.3978952728,0.1491712821
2.4849066498,0.5398885430
2.5649493575,0.8853708198
