# log(t);log(-log(1-X))
0.0000000000,-12.7168967693
0.6931471806,-12.7168967693
1.0986122887,-9.2615861645
1.3862943611,-7.3290216793
1.6094379124,-6.1671533101
1.7917594692,-5.2051856059
1.9459101491,-3.7640861389
2.0794415417,-2.7683890479
2.1972245773,-1.9739922970
2.3025850930,-1.3484681392
2.3978952728,-0.5993160829
2.4849066498,-0.0009529178
2.5649493575,0.4596974163
2.6390573296,0.8112812322
2.7080502011,1.0846348648
