# log(t);log(-log(1-X))
0.0000000000,-4.0272717896
0.6931471806,-2.2856136717
1.0986122887,-1.1935216734
1.3862943611,-0.4149047740
1.6094379124,0.1944944717
1.7917594692,0.6909007807
1.9459101491,1.0551910793
