# log(t);log(-log(1-X))
0.0000000000,-6.0500358945
0.6931471806,-4.1684557924
1.0986122887,-3.0395796405
1.3862943611,-2.2115234203
1.6094379124,-1.5756566802
1.7917594692,-1.0594855400
1.9459101491,-0.6244346719
2.0794415417,-0.2487046523
2.1972245773,0.0796920580
2.3025850930,0.3714732628
2.3978952728,0.6293495494
2.4849066498,0.8654796466
2.5649493575,1.0683722092
