# log(t);log(-log(1-X))
0.0000000000,-1.3880171821
0.6931471806,0.0463130011
1.0986122887,0.8108932131
