# log(t);log(-log(1-X))
0.0000000000,-4.6453684016
0.6931471806,-3.2156169671
1.0986122887,-2.4460042643
1.3862943611,-1.6949130527
1.6094379124,-1.0743768320
1.7917594692,-0.6223335331
1.9459101491,-0.2420277083
2.0794415417,0.0805047798
2.1972245773,0.4017939606
2.3025850930,0.6421376127
2.3978952728,0.8503623028
2.4849066498,1.0488517172
