# log(t);log(-log(1-X))
0.0000000000,-6.6493697338
0.6931471806,-4.7312159812
1.0986122887,-3.5791798034
1.3862943611,-2.6247213349
1.6094379124,-1.8112628546
1.7917594692,-1.2109948256
1.9459101491,-0.7066873736
2.0794415417,-0.2598726260
2.1972245773,0.1389100244
2.3025850930,0.4678273173
2.3978952728,0.7467308176
2.4849066498,0.9936074110
