#time,new_clusters_asked,new_clusters_created,clusters_total,volume_grow,volume_total,volume_totale_perc
0,50,50,50,50,50,0.000128
1,0,0,50,9604,9654,0.024714
2,0,0,50,58503,68157,0.174482
3,0,0,50,133135,201292,0.515308
4,0,0,50,119962,321254,0.822410
