# log(t);log(-log(1-X))
0.0000000000,-3.6878992281
0.6931471806,-1.6515930301
1.0986122887,-0.3226301835
1.3862943611,0.5471253961
