# log(t);log(-log(1-X))
0.0000000000,-12.7168967693
0.6931471806,-12.7168967693
1.0986122887,-9.2511143646
1.3862943611,-7.3108882914
1.6094379124,-6.1416771980
1.7917594692,-5.1748667723
1.9459101491,-3.7332195276
2.0794415417,-2.7340501678
2.1972245773,-1.9260865570
2.3025850930,-1.2786585647
2.3978952728,-0.5015177851
2.4849066498,0.1015856673
2.5649493575,0.5739980543
2.6390573296,0.9477843044
