# log(t);log(-log(1-X))
0.0000000000,-11.2505547005
0.6931471806,-8.3860509182
1.0986122887,-6.3280045811
1.3862943611,-4.8141854807
1.6094379124,-3.6646059663
1.7917594692,-2.7269439405
1.9459101491,-1.9257293506
2.0794415417,-1.2506440482
2.1972245773,-0.6869521006
2.3025850930,-0.2192337840
2.3978952728,0.1686200365
2.4849066498,0.4998727210
2.5649493575,0.7909065692
2.6390573296,1.0546804236
