# log(t);log(-log(1-X))
0.0000000000,-8.5170931831
0.6931471806,-5.7191861676
1.0986122887,-3.8187484163
1.3862943611,-2.4687183292
1.6094379124,-1.4619634201
1.7917594692,-0.6519783349
1.9459101491,0.0100454200
2.0794415417,0.5175327128
2.1972245773,0.9225281126
