# log(t);log(-log(1-X))
0.0000000000,-1.9456606616
0.6931471806,0.6368493729
