# log(t);log(-log(1-X))
0.0000000000,-9.3728168000
0.6931471806,-7.3366753274
1.0986122887,-6.0043297037
1.3862943611,-4.9253351957
1.6094379124,-4.0104479148
1.7917594692,-3.2695149001
1.9459101491,-2.6393012550
2.0794415417,-2.0809573159
2.1972245773,-1.5744029365
2.3025850930,-1.1232133267
2.3978952728,-0.7214268737
2.4849066498,-0.3581127752
2.5649493575,-0.0281040716
2.6390573296,0.2740896847
2.7080502011,0.5500347320
2.7725887222,0.8022911846
2.8332133441,1.0310958918
