# log(t);log(-log(1-X))
0.0000000000,-11.5129204650
0.6931471806,-8.9027876684
1.0986122887,-6.9627948024
1.3862943611,-5.4727167415
1.6094379124,-4.2895148778
1.7917594692,-3.3027963373
1.9459101491,-2.4435023649
2.0794415417,-1.7061215133
2.1972245773,-1.0660194707
2.3025850930,-0.4814577442
2.3978952728,0.0571002690
2.4849066498,0.5332630867
2.5649493575,0.9341960067
