# log(t);log(-log(1-X))
0.0000000000,-4.1271127056
0.6931471806,-3.0292836602
1.0986122887,-2.3110450625
1.3862943611,-1.6984781005
1.6094379124,-1.1895650735
1.7917594692,-0.7597868210
1.9459101491,-0.4013276981
2.0794415417,-0.1081767245
2.1972245773,0.1800926259
2.3025850930,0.4377928820
2.3978952728,0.6544836140
2.4849066498,0.8168523700
2.5649493575,0.9147574939
2.6390573296,1.0391572645
