# log(t);log(-log(1-X))
0.0000000000,-5.4782313462
0.6931471806,-3.4114181237
1.0986122887,-2.1733381091
1.3862943611,-1.3823670086
1.6094379124,-0.7512399428
1.7917594692,-0.2442317894
1.9459101491,0.1936956984
2.0794415417,0.4934300987
2.1972245773,0.7735438701
2.3025850930,1.0247430390
