#id,creation_time,radius,volume,volume_perc,center_r1,center_r2,center_r3,center_r4,center_r5,center_r6
0,0,20,1,0.000000,8,14,14,4,5,1,
1,0,20,1,0.000000,5,7,9,6,15,7,
2,0,20,1,0.000000,3,7,15,11,12,1,
3,1,12,1,0.000000,8,10,13,8,14,0,
4,1,12,1,0.000000,15,14,9,8,14,12,
5,1,12,1,0.000000,10,6,10,8,10,0,
6,2,6,1,0.000000,9,15,7,2,5,7,
7,2,6,1,0.000000,9,8,14,8,3,11,
8,2,6,1,0.000000,9,12,5,6,4,3,
