# log(t);log(-log(1-X))
0.0000000000,-2.0954361213
0.6931471806,0.2782196848
