# log(t);log(-log(1-X))
0.0000000000,-1.5219976195
0.6931471806,-0.0690998923
1.0986122887,0.8788477729
