# log(t);log(-log(1-X))
0.0000000000,-4.6572094972
0.6931471806,-3.2206091975
1.0986122887,-2.4363800644
1.3862943611,-1.6669641584
1.6094379124,-1.0362585319
1.7917594692,-0.5774405000
1.9459101491,-0.1916555861
2.0794415417,0.1265397860
2.1972245773,0.4362862171
2.3025850930,0.6645546640
2.3978952728,0.8563506027
2.4849066498,1.0392528817
