# log(t);log(-log(1-X))
0.0000000000,-12.7168967693
0.6931471806,-12.7168967693
1.0986122887,-8.9027876684
1.3862943611,-6.5542760377
1.6094379124,-5.0070920139
1.7917594692,-3.8201461180
1.9459101491,-2.1083889829
2.0794415417,-0.8981516671
2.1972245773,-0.0010969869
2.3025850930,0.6809052938
