# log(t);log(-log(1-X))
0.0000000000,-3.6304538625
0.6931471806,-1.5563299252
1.0986122887,-0.2004957226
1.3862943611,0.5821124638
