# log(t);log(-log(1-X))
0.0000000000,-6.6355462296
0.6931471806,-4.7086960541
1.0986122887,-3.5519009553
1.3862943611,-2.5962698487
1.6094379124,-1.7783898629
1.7917594692,-1.1720190628
1.9459101491,-0.6611537948
2.0794415417,-0.2053701965
2.1972245773,0.2022731227
2.3025850930,0.5375568610
2.3978952728,0.8204247355
2.4849066498,1.0705286398
