#time,new_clusters_asked,new_clusters_created,clusters_total,volume_grow,volume_total,volume_totale_perc
0,50,50,50,50,50,0.000128
1,0,0,50,10167,10217,0.026156
2,0,0,50,64061,74278,0.190152
3,0,0,50,144015,218293,0.558830
4,0,0,50,107101,325394,0.833009
