# log(t);log(-log(1-X))
0.0000000000,-5.6019113269
0.6931471806,-3.5828352534
1.0986122887,-2.3761297672
1.3862943611,-1.5676033608
1.6094379124,-0.8670120879
1.7917594692,-0.2867406749
1.9459101491,0.1840876516
2.0794415417,0.4882593301
2.1972245773,0.7753150906
2.3025850930,1.0453712346
