# log(t);log(-log(1-X))
0.0000000000,-5.9444167264
0.6931471806,-3.2145021868
1.0986122887,-1.5178896149
1.3862943611,-0.3342118230
1.6094379124,0.4803616253
1.7917594692,1.0436393437
