# log(t);log(-log(1-X))
0.0000000000,-11.2505547005
0.6931471806,-8.3860509182
1.0986122887,-6.3308137103
1.3862943611,-4.8248024781
1.6094379124,-3.6974080349
1.7917594692,-2.7804340855
1.9459101491,-1.9992217962
2.0794415417,-1.3383793650
2.1972245773,-0.7676631796
2.3025850930,-0.2648833351
2.3978952728,0.1797441799
2.4849066498,0.5753851636
2.5649493575,0.9305158177
