# log(t);log(-log(1-X))
0.0000000000,-9.3846517577
0.6931471806,-7.3506011684
1.0986122887,-6.0211229849
1.3862943611,-4.9483493412
1.6094379124,-4.0354148245
1.7917594692,-3.2980121565
1.9459101491,-2.6741662928
2.0794415417,-2.1255804863
2.1972245773,-1.6322487397
2.3025850930,-1.1902155802
2.3978952728,-0.7923315315
2.4849066498,-0.4273200135
2.5649493575,-0.0905350770
2.6390573296,0.2218308301
2.7080502011,0.5073911029
2.7725887222,0.7710566315
2.8332133441,1.0118846041
