#time,new_clusters_asked,new_clusters_created,clusters_total,volume_grow,volume_total,volume_totale_perc
0,3,3,3,3,3,0.000000
1,3,3,6,375383,375386,0.021812
2,3,3,9,2831391,3206777,0.186328
3,3,3,12,6150088,9356865,0.543676
4,3,2,14,5379691,14736556,0.856260
