# log(t);log(-log(1-X))
0.0000000000,-3.8142885673
0.6931471806,-1.5789186852
1.0986122887,-0.2426421756
1.3862943611,0.6625586693
