#id,creation_time,radius,volume,volume_perc,center_x,center_y
0,0,14,1,0.000400,23,33,
1,0,14,1,0.000400,18,40,
2,0,14,1,0.000400,0,17,
3,0,14,1,0.000400,39,10,
4,0,14,1,0.000400,14,32,
5,0,14,1,0.000400,26,32,
6,0,14,1,0.000400,6,23,
7,0,14,1,0.000400,6,34,
8,0,14,1,0.000400,28,4,
9,0,14,1,0.000400,22,3,
10,0,14,1,0.000400,39,37,
11,0,14,1,0.000400,13,4,
12,0,14,1,0.000400,14,24,
13,0,14,1,0.000400,16,41,
14,0,14,1,0.000400,29,39,
15,0,14,1,0.000400,41,2,
