# log(t);log(-log(1-X))
0.0000000000,-2.8611056899
0.6931471806,-2.0151316918
1.0986122887,-1.4259099580
1.3862943611,-0.7721136385
1.6094379124,-0.4758047202
1.7917594692,-0.1850883152
1.9459101491,0.0203326371
2.0794415417,0.2279066692
2.1972245773,0.4846070021
2.3025850930,0.6760584241
2.3978952728,0.8787739394
2.4849066498,1.0762633624
