# log(t);log(-log(1-X))
0.0000000000,-5.9470986362
0.6931471806,-3.2301661295
1.0986122887,-1.5696192749
1.3862943611,-0.4138029634
1.6094379124,0.4227781771
1.7917594692,1.0670926772
