# log(t);log(-log(1-X))
0.0000000000,-12.7168967693
0.6931471806,-12.7168967693
1.0986122887,-8.5372978907
1.3862943611,-5.7549674533
1.6094379124,-3.8639156071
1.7917594692,-2.5027057531
1.9459101491,-0.6099689230
2.0794415417,0.6028335803
