# log(t);log(-log(1-X))
0.0000000000,-4.2651876979
0.6931471806,-2.5770757950
1.0986122887,-1.5999182566
1.3862943611,-0.8551630910
1.6094379124,-0.2122585306
1.7917594692,0.3321281358
1.9459101491,0.8375321542
