# log(t);log(-log(1-X))
0.0000000000,-4.6555093858
0.6931471806,-3.2266735753
1.0986122887,-2.4550029077
1.3862943611,-1.6893242664
1.6094379124,-1.0554759819
1.7917594692,-0.5869039547
1.9459101491,-0.1847126335
2.0794415417,0.1680709233
2.1972245773,0.5345863363
2.3025850930,0.8083000026
2.3978952728,1.0318914420
