# log(t);log(-log(1-X))
0.0000000000,-1.4579658619
0.6931471806,-0.0126799242
1.0986122887,0.9546916176
