# log(t);log(-log(1-X))
0.0000000000,-9.3846517577
0.6931471806,-7.3382131070
1.0986122887,-6.0002761049
1.3862943611,-4.9196628914
1.6094379124,-3.9956677878
1.7917594692,-3.2449748431
1.9459101491,-2.6055879951
2.0794415417,-2.0385363265
2.1972245773,-1.5281558405
2.3025850930,-1.0736312695
2.3978952728,-0.6713159342
2.4849066498,-0.3115483324
2.5649493575,0.0108609492
2.6390573296,0.3027610562
2.7080502011,0.5643394761
2.7725887222,0.8039699949
2.8332133441,1.0246033295
