# log(t);log(-log(1-X))
0.0000000000,-5.4734343227
0.6931471806,-3.4478896865
1.0986122887,-2.2852545463
1.3862943611,-1.5287228823
1.6094379124,-0.8936749409
1.7917594692,-0.3824826912
1.9459101491,0.0371306658
2.0794415417,0.3167502712
2.1972245773,0.5861136721
2.3025850930,0.8413855612
2.3978952728,1.0812724619
