# log(t);log(-log(1-X))
0.0000000000,-6.0921457496
0.6931471806,-4.2341232490
1.0986122887,-3.1313378308
1.3862943611,-2.3182400598
1.6094379124,-1.6942065189
1.7917594692,-1.1845003046
1.9459101491,-0.7562714415
2.0794415417,-0.3897871529
2.1972245773,-0.0765318708
2.3025850930,0.1815862378
2.3978952728,0.3927002087
2.4849066498,0.5764539586
2.5649493575,0.7390194226
2.6390573296,0.8861723941
2.7080502011,1.0244520168
