# log(t);log(-log(1-X))
0.0000000000,-12.7168967693
0.6931471806,-12.7168967693
1.0986122887,-9.2615861645
1.3862943611,-7.3336068398
1.6094379124,-6.1733844046
1.7917594692,-5.2110657237
1.9459101491,-3.7661626337
2.0794415417,-2.7652043860
2.1972245773,-1.9650679292
2.3025850930,-1.3411775781
2.3978952728,-0.6229709916
2.4849066498,-0.0670892476
2.5649493575,0.3741002027
2.6390573296,0.7211379767
2.7080502011,0.9839484494
