# log(t);log(-log(1-X))
0.0000000000,-4.1271127056
0.6931471806,-3.0827174034
1.0986122887,-2.3335441566
1.3862943611,-1.6495856667
1.6094379124,-1.1683403623
1.7917594692,-0.7326787961
1.9459101491,-0.3978286083
2.0794415417,-0.0677921257
2.1972245773,0.2178550909
2.3025850930,0.4684457549
2.3978952728,0.7175931605
2.4849066498,0.9324956332
