# log(t);log(-log(1-X))
0.0000000000,-6.6455106895
0.6931471806,-4.7258516892
1.0986122887,-3.5735925554
1.3862943611,-2.6185073775
1.6094379124,-1.8051116215
1.7917594692,-1.2067417046
1.9459101491,-0.7037646224
2.0794415417,-0.2556771463
2.1972245773,0.1477138071
2.3025850930,0.4825811777
2.3978952728,0.7726374876
2.4849066498,1.0420450960
