#id,creation_time,radius,volume,volume_perc,center_r1,center_r2,center_r3,center_r4,center_r5
0,0,32,1,0.000000,3,11,15,15,0,
1,0,32,1,0.000000,5,2,17,26,1,
2,0,32,1,0.000000,10,26,7,17,3,
3,1,24,1,0.000000,26,14,0,19,2,
4,1,24,1,0.000000,25,23,0,8,18,
5,1,24,1,0.000000,26,5,5,20,0,
6,2,18,1,0.000000,24,23,23,12,23,
7,2,18,1,0.000000,23,1,25,12,27,
8,2,18,1,0.000000,10,22,25,18,23,
9,3,13,1,0.000000,24,22,11,8,14,
10,3,13,1,0.000000,13,7,19,18,11,
11,4,9,1,0.000000,23,21,23,5,23,
