# log(t);log(-log(1-X))
0.0000000000,-3.9967203877
0.6931471806,-1.7818576651
1.0986122887,-0.6176953119
1.3862943611,0.1160294673
1.6094379124,0.8305097090
