# log(t);log(-log(1-X))
0.0000000000,-3.8241634853
0.6931471806,-2.1468195787
1.0986122887,-1.1476509753
1.3862943611,-0.3678808828
1.6094379124,0.2420620470
1.7917594692,0.7865403476
