# log(t);log(-log(1-X))
0.0000000000,-4.6666116333
0.6931471806,-3.2532251559
1.0986122887,-2.4881929852
1.3862943611,-1.7444881030
1.6094379124,-1.1388274519
1.7917594692,-0.6993472223
1.9459101491,-0.3254002053
2.0794415417,0.0018034211
2.1972245773,0.3386889944
2.3025850930,0.5949150202
2.3978952728,0.8050116019
2.4849066498,1.0002901691
