# log(t);log(-log(1-X))
0.0000000000,-1.4475947635
0.6931471806,-0.0114620455
1.0986122887,0.7991059738
