# log(t);log(-log(1-X))
0.0000000000,-5.9513276139
0.6931471806,-3.2213653164
1.0986122887,-1.5156477258
1.3862943611,-0.3507215337
1.6094379124,0.4617909362
1.7917594692,1.0638917833
