# log(t);log(-log(1-X))
0.0000000000,-11.4176097851
0.6931471806,-8.7528365197
1.0986122887,-6.9082560713
1.3862943611,-5.5003518837
1.6094379124,-4.3530558533
1.7917594692,-3.3785230633
1.9459101491,-2.5298482425
2.0794415417,-1.8004331791
2.1972245773,-1.1679190283
2.3025850930,-0.6127179544
2.3978952728,-0.1265378553
2.4849066498,0.3025923198
2.5649493575,0.6806790113
2.6390573296,1.0178802869
