# log(t);log(-log(1-X))
0.0000000000,-4.6761021622
0.6931471806,-3.2697061426
1.0986122887,-2.5048556004
1.3862943611,-1.7630040463
1.6094379124,-1.1720322649
1.7917594692,-0.7442337921
1.9459101491,-0.3820854410
2.0794415417,-0.0688819233
2.1972245773,0.2598920526
2.3025850930,0.5146285200
2.3978952728,0.7353057814
2.4849066498,0.9400514259
