# log(t);log(-log(1-X))
0.0000000000,-1.5176283322
0.6931471806,-0.0065906818
1.0986122887,1.0075643630
