# log(t);log(-log(1-X))
0.0000000000,-5.9774784370
0.6931471806,-3.2576450226
1.0986122887,-1.5552121774
1.3862943611,-0.3667120186
1.6094379124,0.5025305964
