# log(t);log(-log(1-X))
0.0000000000,-1.4396989454
0.6931471806,0.0137642962
1.0986122887,0.9454917634
