# log(t);log(-log(1-X))
0.0000000000,-4.6580606276
0.6931471806,-3.2312978118
1.0986122887,-2.4560186314
1.3862943611,-1.7065376422
1.6094379124,-1.0957875333
1.7917594692,-0.6460985413
1.9459101491,-0.2637746436
2.0794415417,0.0577891520
2.1972245773,0.3840718277
2.3025850930,0.6392691640
2.3978952728,0.8661140880
2.4849066498,1.0856257272
