# log(t);log(-log(1-X))
0.0000000000,-3.6131275549
0.6931471806,-1.4311488895
1.0986122887,-0.3347577389
1.3862943611,0.3860953839
1.6094379124,1.0196948855
