#id,creation_time,radius,volume,volume_perc,center_x,center_y
0,0,13,1,0.000400,30,25,
1,0,13,1,0.000400,41,43,
2,0,13,1,0.000400,8,49,
3,0,13,1,0.000400,43,13,
4,0,13,1,0.000400,49,44,
5,0,13,1,0.000400,30,29,
6,0,13,1,0.000400,16,30,
7,0,13,1,0.000400,46,39,
8,0,13,1,0.000400,7,13,
9,0,13,1,0.000400,30,24,
10,0,13,1,0.000400,20,36,
11,0,13,1,0.000400,48,8,
12,0,13,1,0.000400,37,42,
13,0,13,1,0.000400,30,6,
14,0,13,1,0.000400,34,47,
15,0,13,1,0.000400,24,15,
