# log(t);log(-log(1-X))
0.0000000000,-2.9142441829
0.6931471806,-2.0713397255
1.0986122887,-1.5089342031
1.3862943611,-0.9345913317
1.6094379124,-0.5923295174
1.7917594692,-0.2395036558
1.9459101491,0.0420900397
2.0794415417,0.3139691066
2.1972245773,0.5975680328
2.3025850930,0.7642076105
2.3978952728,0.9425628335
