# log(t);log(-log(1-X))
0.0000000000,-4.1271127056
0.6931471806,-2.9951137927
1.0986122887,-2.2461569450
1.3862943611,-1.5737320125
1.6094379124,-1.0245351953
1.7917594692,-0.5598695327
1.9459101491,-0.1169284998
2.0794415417,0.2469648891
2.1972245773,0.5694314549
2.3025850930,0.8067212385
2.3978952728,1.0089215603
