# log(t);log(-log(1-X))
0.0000000000,-12.7168967693
0.6931471806,-12.7168967693
1.0986122887,-8.8666801634
1.3862943611,-6.4929038668
1.6094379124,-4.9311791591
1.7917594692,-3.7405689993
1.9459101491,-2.0276883875
2.0794415417,-0.8405374972
2.1972245773,0.0110593958
2.3025850930,0.6579170208
