# log(t);log(-log(1-X))
0.0000000000,-3.6571828926
0.6931471806,-1.6541036580
1.0986122887,-0.3827639862
1.3862943611,0.4210004816
1.6094379124,1.0151320444
