#time,new_clusters_asked,new_clusters_created,clusters_total,volume_grow,volume_total,volume_totale_perc
0,50,50,50,50,50,0.000128
1,0,0,50,9901,9951,0.025475
2,0,0,50,58051,68002,0.174085
3,0,0,50,125116,193118,0.494382
4,0,0,50,112370,305488,0.782049
5,0,0,50,60407,365895,0.936691
