# log(t);log(-log(1-X))
0.0000000000,-6.6462813094
0.6931471806,-4.7305295878
1.0986122887,-3.5807659286
1.3862943611,-2.6276632395
1.6094379124,-1.8097868368
1.7917594692,-1.2012970978
1.9459101491,-0.6871592096
2.0794415417,-0.2273405666
2.1972245773,0.1863577270
2.3025850930,0.5294100892
2.3978952728,0.8239319503
2.4849066498,1.0861872007
