# log(t);log(-log(1-X))
0.0000000000,-6.0248472751
0.6931471806,-3.3097869957
1.0986122887,-1.6133662917
1.3862943611,-0.4116444893
1.6094379124,0.4490505923
1.7917594692,1.0856061521
