#id,creation_time,radius,volume,volume_perc,center_r1,center_r2,center_r3,center_r4,center_r5
0,0,24,1,0.000000,2,10,16,11,21,
1,0,24,1,0.000000,3,5,24,3,17,
2,0,24,1,0.000000,19,15,12,13,9,
3,1,16,1,0.000000,14,1,1,18,23,
4,1,16,1,0.000000,25,21,5,27,27,
5,1,16,1,0.000000,5,8,1,5,2,
6,2,10,1,0.000000,2,7,12,2,18,
7,2,10,1,0.000000,17,5,8,26,20,
8,2,10,1,0.000000,9,1,8,6,14,
9,3,5,1,0.000000,27,1,19,12,6,
