# log(t);log(-log(1-X))
0.0000000000,-3.4492534891
0.6931471806,-1.0247506071
1.0986122887,0.3828982164
