#time,new_clusters_asked,new_clusters_created,clusters_total,volume_grow,volume_total,volume_totale_perc
0,3,3,3,3,3,0.000000
1,3,3,6,538168,538171,0.031270
2,3,3,9,4651541,5189712,0.301546
3,3,1,10,8049788,13239500,0.769275
