# log(t);log(-log(1-X))
0.0000000000,-5.3778704590
0.6931471806,-3.3056774638
1.0986122887,-2.1929950703
1.3862943611,-1.4553761748
1.6094379124,-0.8280012302
1.7917594692,-0.2926712900
1.9459101491,0.1707811575
2.0794415417,0.4841073320
2.1972245773,0.7836679903
2.3025850930,1.0661429282
