# log(t);log(-log(1-X))
0.0000000000,-8.5736690355
0.6931471806,-5.8299198027
1.0986122887,-3.9561343148
1.3862943611,-2.6076453166
1.6094379124,-1.5873148493
1.7917594692,-0.7543613637
1.9459101491,-0.0624913484
2.0794415417,0.4658683749
2.1972245773,0.8765210929
