#id,creation_time,radius,volume,volume_perc,center_r1,center_r2,center_r3,center_r4,center_r5,center_r6
0,0,20,1,0.000000,10,8,11,3,6,8,
1,0,20,1,0.000000,2,14,1,2,11,4,
2,0,20,1,0.000000,4,6,9,7,7,11,
3,1,12,1,0.000000,3,1,15,8,13,14,
4,1,12,1,0.000000,9,10,2,9,5,15,
5,1,12,1,0.000000,0,15,7,11,3,13,
6,2,6,1,0.000000,13,6,5,12,14,2,
7,3,1,1,0.000000,0,14,10,12,2,2,
