# log(t);log(-log(1-X))
0.0000000000,-1.5340332098
0.6931471806,0.9207988752
