# log(t);log(-log(1-X))
0.0000000000,-5.4216715271
0.6931471806,-3.3271692233
1.0986122887,-2.1425187258
1.3862943611,-1.3994677641
1.6094379124,-0.7867133369
1.7917594692,-0.2874208354
1.9459101491,0.1498231312
2.0794415417,0.4435150198
2.1972245773,0.7064000336
2.3025850930,0.9425425407
