# log(t);log(-log(1-X))
0.0000000000,-6.0693516412
0.6931471806,-4.1966009022
1.0986122887,-3.0764776124
1.3862943611,-2.2528589117
1.6094379124,-1.6171457746
1.7917594692,-1.1044966592
1.9459101491,-0.6776901117
2.0794415417,-0.3124203635
2.1972245773,0.0108473570
2.3025850930,0.3004082327
2.3978952728,0.5713809124
2.4849066498,0.8223645959
2.5649493575,1.0460849084
