# log(t);log(-log(1-X))
0.0000000000,-1.5593780142
0.6931471806,-0.1905273443
1.0986122887,0.7417834770
