# log(t);log(-log(1-X))
0.0000000000,-4.6445278993
0.6931471806,-3.2040606183
1.0986122887,-2.4242700104
1.3862943611,-1.6710135236
1.6094379124,-1.0594528996
1.7917594692,-0.6159692585
1.9459101491,-0.2508615826
2.0794415417,0.0511900547
2.1972245773,0.3473553330
2.3025850930,0.5574798870
2.3978952728,0.7310535235
2.4849066498,0.8860838031
2.5649493575,1.0191124267
