# log(t);log(-log(1-X))
0.0000000000,-3.9148491339
0.6931471806,-1.5906974968
1.0986122887,-0.3147505693
1.3862943611,0.4763945691
