# log(t);log(-log(1-X))
0.0000000000,-8.5372978907
0.6931471806,-5.7568697970
1.0986122887,-3.8710941084
1.3862943611,-2.5262792779
1.6094379124,-1.5070345568
1.7917594692,-0.6690011979
1.9459101491,0.0292921869
2.0794415417,0.5589219418
2.1972245773,0.9693435608
