#id,creation_time,radius,volume,volume_perc,center_x,center_y
0,0,15,1,0.000400,16,5,
1,0,15,1,0.000400,2,13,
2,0,15,1,0.000400,22,13,
3,0,15,1,0.000400,3,41,
4,0,15,1,0.000400,24,23,
5,0,15,1,0.000400,1,16,
6,0,15,1,0.000400,15,6,
7,0,15,1,0.000400,8,6,
8,0,15,1,0.000400,15,37,
9,0,15,1,0.000400,4,26,
10,0,15,1,0.000400,8,13,
11,0,15,1,0.000400,40,4,
12,0,15,1,0.000400,42,37,
13,0,15,1,0.000400,42,4,
14,0,15,1,0.000400,24,27,
15,0,15,1,0.000400,2,40,
