# log(t);log(-log(1-X))
0.0000000000,-2.9064877007
0.6931471806,-2.1116480201
1.0986122887,-1.5689922824
1.3862943611,-0.9619701222
1.6094379124,-0.6329399050
1.7917594692,-0.3036156111
1.9459101491,-0.0601656536
2.0794415417,0.1536090746
2.1972245773,0.3909669492
2.3025850930,0.5615044506
2.3978952728,0.7282601280
2.4849066498,0.8861957093
2.5649493575,1.0536912634
