# log(t);log(-log(1-X))
0.0000000000,-8.8881878688
0.6931471806,-6.5333979542
1.0986122887,-4.9843289575
1.3862943611,-3.7992872102
1.6094379124,-2.8585359151
1.7917594692,-2.1129449177
1.9459101491,-1.4689833638
2.0794415417,-0.9290347240
2.1972245773,-0.4698110469
2.3025850930,-0.0651987182
2.3978952728,0.2795758080
2.4849066498,0.5802602496
2.5649493575,0.8387809514
2.6390573296,1.0683091049
