# log(t);log(-log(1-X))
0.0000000000,-12.7168967693
0.6931471806,-12.7168967693
1.0986122887,-8.5683914783
1.3862943611,-5.8113200311
1.6094379124,-3.9223962552
1.7917594692,-2.5757562246
1.9459101491,-0.7295321338
2.0794415417,0.4862851597
