# log(t);log(-log(1-X))
0.0000000000,-6.0710867478
0.6931471806,-4.2113479653
1.0986122887,-3.1026867109
1.3862943611,-2.2786153088
1.6094379124,-1.6407804436
1.7917594692,-1.1288340437
1.9459101491,-0.7028896328
2.0794415417,-0.3386301792
2.1972245773,-0.0231470254
2.3025850930,0.2456697333
2.3978952728,0.4755277666
2.4849066498,0.6750307995
2.5649493575,0.8436208316
2.6390573296,0.9834874879
