# log(t);log(-log(1-X))
0.0000000000,-8.8737981313
0.6931471806,-6.5109238722
1.0986122887,-4.9603439222
1.3862943611,-3.7762513949
1.6094379124,-2.8269010070
1.7917594692,-2.0637678234
1.9459101491,-1.3996804568
2.0794415417,-0.8468893752
2.1972245773,-0.3864434434
2.3025850930,0.0069464653
2.3978952728,0.3348882086
2.4849066498,0.6225419846
2.5649493575,0.8749542932
