# log(t);log(-log(1-X))
0.0000000000,-12.7168967693
0.6931471806,-12.7168967693
1.0986122887,-8.8881878688
1.3862943611,-6.5403090650
1.6094379124,-4.9966136371
1.7917594692,-3.8171666608
1.9459101491,-2.0989625250
2.0794415417,-0.8517088457
2.1972245773,0.0451238507
2.3025850930,0.7122779092
