# log(t);log(-log(1-X))
0.0000000000,-2.0550470206
0.6931471806,0.2376478279
