#id,creation_time,radius,volume,volume_perc,center_r1,center_r2,center_r3,center_r4
0,0,11,1,0.000003,12,2,15,12,
1,0,11,1,0.000003,21,3,6,16,
2,0,11,1,0.000003,23,24,24,24,
3,0,11,1,0.000003,21,2,11,1,
4,0,11,1,0.000003,10,10,16,13,
5,0,11,1,0.000003,16,18,8,24,
6,0,11,1,0.000003,22,17,24,23,
7,0,11,1,0.000003,15,15,6,2,
8,0,11,1,0.000003,17,24,17,15,
9,0,11,1,0.000003,2,0,6,0,
10,0,11,1,0.000003,24,7,24,20,
11,0,11,1,0.000003,10,12,24,22,
12,0,11,1,0.000003,23,15,10,14,
13,0,11,1,0.000003,8,20,15,5,
14,0,11,1,0.000003,14,16,6,5,
15,0,11,1,0.000003,8,14,9,2,
16,0,11,1,0.000003,13,3,18,17,
17,0,11,1,0.000003,3,24,17,3,
18,0,11,1,0.000003,7,19,0,19,
19,0,11,1,0.000003,6,24,16,6,
20,0,11,1,0.000003,14,2,22,0,
21,0,11,1,0.000003,24,14,7,14,
22,0,11,1,0.000003,6,13,21,14,
23,0,11,1,0.000003,5,5,19,20,
24,0,11,1,0.000003,9,12,13,12,
25,0,11,1,0.000003,13,7,15,22,
26,0,11,1,0.000003,1,18,16,10,
27,0,11,1,0.000003,17,8,18,9,
28,0,11,1,0.000003,12,16,9,11,
29,0,11,1,0.000003,7,16,0,13,
30,0,11,1,0.000003,7,21,5,12,
31,0,11,1,0.000003,4,24,9,13,
32,0,11,1,0.000003,13,22,2,1,
33,0,11,1,0.000003,5,20,24,8,
34,0,11,1,0.000003,13,17,20,7,
35,0,11,1,0.000003,0,16,16,12,
36,0,11,1,0.000003,9,0,1,16,
37,0,11,1,0.000003,17,1,5,1,
38,0,11,1,0.000003,0,12,15,4,
39,0,11,1,0.000003,13,24,19,1,
40,0,11,1,0.000003,22,21,4,4,
41,0,11,1,0.000003,18,5,14,6,
42,0,11,1,0.000003,23,10,14,0,
43,0,11,1,0.000003,3,5,15,12,
44,0,11,1,0.000003,8,16,3,2,
45,0,11,1,0.000003,17,10,3,19,
46,0,11,1,0.000003,22,18,0,10,
47,0,11,1,0.000003,17,19,13,16,
48,0,11,1,0.000003,18,18,20,13,
49,0,11,1,0.000003,0,12,20,23,
