# log(t);log(-log(1-X))
0.0000000000,-6.6509175256
0.6931471806,-4.7322464478
1.0986122887,-3.5772281707
1.3862943611,-2.6205155988
1.6094379124,-1.8065029400
1.7917594692,-1.2057547362
1.9459101491,-0.6996747128
2.0794415417,-0.2480725948
2.1972245773,0.1581520507
2.3025850930,0.4942092243
2.3978952728,0.7802527482
2.4849066498,1.0360944021
