# log(t);log(-log(1-X))
0.0000000000,-3.7060044760
0.6931471806,-1.6297881344
1.0986122887,-0.2640103921
1.3862943611,0.6163384189
