# log(t);log(-log(1-X))
0.0000000000,-6.0868393725
0.6931471806,-4.2074535194
1.0986122887,-3.0818041662
1.3862943611,-2.2567658206
1.6094379124,-1.6249556762
1.7917594692,-1.1143353435
1.9459101491,-0.6980477161
2.0794415417,-0.3474694676
2.1972245773,-0.0447782596
2.3025850930,0.2138330483
2.3978952728,0.4355454909
2.4849066498,0.6290746603
2.5649493575,0.7909189125
2.6390573296,0.9188931129
2.7080502011,1.0225872449
