# log(t);log(-log(1-X))
0.0000000000,-8.8525944234
0.6931471806,-6.4896021195
1.0986122887,-4.9429697978
1.3862943611,-3.7687309364
1.6094379124,-2.8218764756
1.7917594692,-2.0546566279
1.9459101491,-1.3845811183
2.0794415417,-0.8245609408
2.1972245773,-0.3516176204
2.3025850930,0.0538794925
2.3978952728,0.3815952850
2.4849066498,0.6540173989
2.5649493575,0.8746606137
2.6390573296,1.0583581974
