# log(t);log(-log(1-X))
0.0000000000,-9.3846517577
0.6931471806,-7.3568531898
1.0986122887,-6.0310853399
1.3862943611,-4.9591954065
1.6094379124,-4.0456570022
1.7917594692,-3.3009081743
1.9459101491,-2.6676456587
2.0794415417,-2.1063173672
2.1972245773,-1.5991911792
2.3025850930,-1.1480664919
2.3978952728,-0.7447686855
2.4849066498,-0.3765031257
2.5649493575,-0.0380883312
2.6390573296,0.2758436345
2.7080502011,0.5638346606
2.7725887222,0.8284244536
2.8332133441,1.0679873907
