# log(t);log(-log(1-X))
0.0000000000,-6.0710867478
0.6931471806,-4.1883361165
1.0986122887,-3.0565512208
1.3862943611,-2.2303522458
1.6094379124,-1.6126313584
1.7917594692,-1.1235027967
1.9459101491,-0.7118400962
2.0794415417,-0.3483819132
2.1972245773,-0.0238757248
2.3025850930,0.2632133719
2.3978952728,0.5145775642
2.4849066498,0.7289423550
2.5649493575,0.9028547135
2.6390573296,1.0486266883
