#id,creation_time,radius,volume,volume_perc,center_r1,center_r2,center_r3,center_r4,center_r5
0,0,28,1,0.000000,13,25,18,13,13,
1,0,28,1,0.000000,27,13,7,22,2,
2,0,28,1,0.000000,2,20,24,14,8,
3,1,20,1,0.000000,27,19,4,7,1,
4,1,20,1,0.000000,3,17,5,15,6,
5,1,20,1,0.000000,12,2,24,13,7,
6,2,14,1,0.000000,22,10,16,24,23,
7,2,14,1,0.000000,1,8,9,9,14,
8,2,14,1,0.000000,23,11,6,3,9,
9,3,9,1,0.000000,26,2,12,15,21,
10,3,9,1,0.000000,13,18,10,2,17,
