# log(t);log(-log(1-X))
0.0000000000,-3.6957551637
0.6931471806,-1.3773527251
1.0986122887,-0.1063945325
1.3862943611,0.6061212907
