# log(t);log(-log(1-X))
0.0000000000,-1.4496624038
0.6931471806,0.0745497031
