# log(t);log(-log(1-X))
0.0000000000,-4.6631825346
0.6931471806,-3.2523649284
1.0986122887,-2.4760162485
1.3862943611,-1.7070662643
1.6094379124,-1.0733883200
1.7917594692,-0.6001897659
1.9459101491,-0.1843590724
2.0794415417,0.1796501589
2.1972245773,0.5485531984
2.3025850930,0.8197123774
2.3978952728,1.0347293698
