# log(t);log(-log(1-X))
0.0000000000,-5.5528215774
0.6931471806,-3.4934336363
1.0986122887,-2.3905386122
1.3862943611,-1.7041221085
1.6094379124,-1.1337343975
1.7917594692,-0.6225853067
1.9459101491,-0.1425892425
2.0794415417,0.1855353955
2.1972245773,0.4886444381
2.3025850930,0.7762283603
2.3978952728,1.0529367994
