# log(t);log(-log(1-X))
0.0000000000,-11.3305979081
0.6931471806,-8.4923980701
1.0986122887,-6.4622889502
1.3862943611,-4.9576183331
1.6094379124,-3.7888342569
1.7917594692,-2.8155093183
1.9459101491,-1.9811365502
2.0794415417,-1.2899786073
2.1972245773,-0.7007568076
2.3025850930,-0.1823900107
2.3978952728,0.2712016041
2.4849066498,0.6722978416
2.5649493575,1.0344449196
