# log(t);log(-log(1-X))
0.0000000000,-5.4153283402
0.6931471806,-3.3261301528
1.0986122887,-2.1848582898
1.3862943611,-1.4968682790
1.6094379124,-0.9180630444
1.7917594692,-0.4334872416
1.9459101491,-0.0209800309
2.0794415417,0.2594492703
2.1972245773,0.5302339367
2.3025850930,0.7906227255
2.3978952728,1.0356667236
