# log(t);log(-log(1-X))
0.0000000000,-6.7248334220
0.6931471806,-5.1223935846
1.0986122887,-4.1091268216
1.3862943611,-3.2625178162
1.6094379124,-2.5485485202
1.7917594692,-1.9504579379
1.9459101491,-1.4303627799
2.0794415417,-0.9732993355
2.1972245773,-0.5535556362
2.3025850930,-0.1932487763
2.3978952728,0.1160650533
2.4849066498,0.3938406736
2.5649493575,0.6493697635
2.6390573296,0.8905740747
