#time,new_clusters_asked,new_clusters_created,clusters_total,volume_grow,volume_total,volume_totale_perc
0,50,50,50,50,50,0.000128
1,0,0,50,9820,9870,0.025267
2,0,0,50,59444,69314,0.177444
3,0,0,50,125099,194413,0.497697
4,0,0,50,111613,306026,0.783427
5,0,0,50,59657,365683,0.936148
