# log(t);log(-log(1-X))
0.0000000000,-3.6654875255
0.6931471806,-1.6330202347
1.0986122887,-0.3731647919
1.3862943611,0.4251550532
1.6094379124,1.0120325907
