# log(t);log(-log(1-X))
0.0000000000,-6.6447406622
0.6931471806,-4.7218754497
1.0986122887,-3.5657773747
1.3862943611,-2.6037965062
1.6094379124,-1.7774439207
1.7917594692,-1.1621424157
1.9459101491,-0.6417332411
2.0794415417,-0.1766439139
2.1972245773,0.2393130569
2.3025850930,0.5800865342
2.3978952728,0.8648140787
