# log(t);log(-log(1-X))
0.0000000000,-8.8809671208
0.6931471806,-6.5272184720
1.0986122887,-4.9884564559
1.3862943611,-3.8179572327
1.6094379124,-2.8838562142
1.7917594692,-2.1469927226
1.9459101491,-1.5146670690
2.0794415417,-0.9825634609
2.1972245773,-0.5255932993
2.3025850930,-0.1203521633
2.3978952728,0.2267606242
2.4849066498,0.5324471602
2.5649493575,0.7935522225
2.6390573296,1.0239925098
