# log(t);log(-log(1-X))
0.0000000000,-8.8737981313
0.6931471806,-6.5210768862
1.0986122887,-4.9786079926
1.3862943611,-3.8014364553
1.6094379124,-2.8564698244
1.7917594692,-2.0984923216
1.9459101491,-1.4375134900
2.0794415417,-0.8828288827
2.1972245773,-0.4133400913
2.3025850930,-0.0034156877
2.3978952728,0.3386715995
2.4849066498,0.6342984626
2.5649493575,0.8876287556
