# log(t);log(-log(1-X))
0.0000000000,-3.4049229884
0.6931471806,-1.1015488352
1.0986122887,0.0437579047
1.3862943611,0.7144389847
