# log(t);log(-log(1-X))
0.0000000000,-5.4930054213
0.6931471806,-3.5402654929
1.0986122887,-2.4246032299
1.3862943611,-1.6722527756
1.6094379124,-1.0030635730
1.7917594692,-0.4246692052
1.9459101491,0.0819858216
2.0794415417,0.4087399080
2.1972245773,0.6967902867
2.3025850930,0.9515705954
