# log(t);log(-log(1-X))
0.0000000000,-12.7168967693
0.6931471806,-12.7168967693
1.0986122887,-8.5170931831
1.3862943611,-5.7136993447
1.6094379124,-3.8003841328
1.7917594692,-2.4316491713
1.9459101491,-0.5540347723
2.0794415417,0.6502310435
