# log(t);log(-log(1-X))
0.0000000000,-6.0894890493
0.6931471806,-4.2169768415
1.0986122887,-3.1162772267
1.3862943611,-2.3236783642
1.6094379124,-1.7112968661
1.7917594692,-1.2112525878
1.9459101491,-0.7946358153
2.0794415417,-0.4423445511
2.1972245773,-0.1397132637
2.3025850930,0.1155641269
2.3978952728,0.3341762029
2.4849066498,0.5289565318
2.5649493575,0.6981186618
2.6390573296,0.8472314282
2.7080502011,0.9767653440
2.7725887222,1.0880129997
