# log(t);log(-log(1-X))
0.0000000000,-6.6447406622
0.6931471806,-4.7257378646
1.0986122887,-3.5735558975
1.3862943611,-2.6187877133
1.6094379124,-1.8008259229
1.7917594692,-1.1924545038
1.9459101491,-0.6720076029
2.0794415417,-0.2008447444
2.1972245773,0.2251511348
2.3025850930,0.5790180378
2.3978952728,0.8838912437
