# log(t);log(-log(1-X))
0.0000000000,-3.6500895152
0.6931471806,-1.5968250405
1.0986122887,-0.2398442117
1.3862943611,0.6347879015
