#id,creation_time,radius,volume,volume_perc,center_x,center_y
0,0,12,1,0.000400,1,20,
1,0,12,1,0.000400,36,14,
2,0,12,1,0.000400,27,20,
3,0,12,1,0.000400,5,49,
4,0,12,1,0.000400,36,45,
5,0,12,1,0.000400,46,10,
6,0,12,1,0.000400,14,2,
7,0,12,1,0.000400,11,46,
8,0,12,1,0.000400,2,40,
9,0,12,1,0.000400,25,3,
10,0,12,1,0.000400,18,49,
11,0,12,1,0.000400,32,46,
12,0,12,1,0.000400,38,33,
13,0,12,1,0.000400,22,27,
14,0,12,1,0.000400,36,2,
15,0,12,1,0.000400,0,37,
