# log(t);log(-log(1-X))
0.0000000000,-2.8911432767
0.6931471806,-2.0464096439
1.0986122887,-1.4821377631
1.3862943611,-0.8651582660
1.6094379124,-0.5144371362
1.7917594692,-0.1850883152
1.9459101491,0.0584208799
2.0794415417,0.3093783722
2.1972245773,0.5962137380
2.3025850930,0.8219668330
