# log(t);log(-log(1-X))
0.0000000000,-8.5683914783
0.6931471806,-5.7970148925
1.0986122887,-3.8950423459
1.3862943611,-2.5273636547
1.6094379124,-1.4890181279
1.7917594692,-0.6339393557
1.9459101491,0.0731186120
2.0794415417,0.6215806489
2.1972245773,1.0630289948
