#id,creation_time,radius,volume,volume_perc,center_x,center_y
0,0,13,1,0.000400,40,34,
1,0,13,1,0.000400,13,14,
2,0,13,1,0.000400,47,32,
3,0,13,1,0.000400,29,2,
4,0,13,1,0.000400,0,37,
5,0,13,1,0.000400,11,3,
6,0,13,1,0.000400,26,48,
7,0,13,1,0.000400,9,15,
8,0,13,1,0.000400,41,46,
9,0,13,1,0.000400,28,11,
10,0,13,1,0.000400,45,18,
11,0,13,1,0.000400,24,38,
12,0,13,1,0.000400,26,4,
13,0,13,1,0.000400,21,14,
14,0,13,1,0.000400,40,12,
15,0,13,1,0.000400,2,32,
