# log(t);log(-log(1-X))
0.0000000000,-2.8464000734
0.6931471806,-1.9913775914
1.0986122887,-1.4301503985
1.3862943611,-0.8222640398
1.6094379124,-0.4938411750
1.7917594692,-0.1586254217
1.9459101491,0.0987821960
2.0794415417,0.3324115265
2.1972245773,0.5908114170
2.3025850930,0.7770616629
2.3978952728,1.0157562582
