# log(t);log(-log(1-X))
0.0000000000,0.3933416431
