# log(t);log(-log(1-X))
0.0000000000,-6.0290016687
0.6931471806,-3.3410653700
1.0986122887,-1.6258154723
1.3862943611,-0.3770212562
1.6094379124,0.5275645873
