# log(t);log(-log(1-X))
0.0000000000,-8.5372978907
0.6931471806,-5.7537012253
1.0986122887,-3.8545185084
1.3862943611,-2.4843796552
1.6094379124,-1.4321959952
1.7917594692,-0.5711470858
1.9459101491,0.1351162459
2.0794415417,0.6738337935
