# log(t);log(-log(1-X))
0.0000000000,-4.1271127056
0.6931471806,-2.9867419381
1.0986122887,-2.2049014207
1.3862943611,-1.5157214471
1.6094379124,-0.9681174281
1.7917594692,-0.4818030180
1.9459101491,-0.0852390562
2.0794415417,0.2638656082
2.1972245773,0.5908114170
2.3025850930,0.8533860578
2.3978952728,1.0711627169
