# log(t);log(-log(1-X))
0.0000000000,-5.7702881816
0.6931471806,-3.8363585576
1.0986122887,-2.6428263756
1.3862943611,-1.8216536246
1.6094379124,-1.0894239157
1.7917594692,-0.4595218181
1.9459101491,0.0492467108
2.0794415417,0.3630572668
2.1972245773,0.6468818854
2.3025850930,0.9055973618
