# log(t);log(-log(1-X))
0.0000000000,-5.4549418578
0.6931471806,-3.4348303089
1.0986122887,-2.2614424000
1.3862943611,-1.4950700600
1.6094379124,-0.8429904503
1.7917594692,-0.2763408341
1.9459101491,0.2100152607
2.0794415417,0.5283648710
2.1972245773,0.8235162527
2.3025850930,1.0960283915
