# log(t);log(-log(1-X))
0.0000000000,-5.9794576182
0.6931471806,-3.2505393034
1.0986122887,-1.5439609649
1.3862943611,-0.3659387785
1.6094379124,0.4315858520
1.7917594692,1.0134289677
