#id,creation_time,radius,volume,volume_perc,center_r1,center_r2,center_r3,center_r4,center_r5,center_r6
0,0,20,1,0.000000,12,13,15,9,8,0,
1,0,20,1,0.000000,11,10,14,14,0,3,
2,0,20,1,0.000000,6,4,10,5,14,14,
3,1,12,1,0.000000,7,0,5,13,2,2,
4,1,12,1,0.000000,0,15,10,11,4,3,
5,1,12,1,0.000000,0,0,0,15,9,8,
6,2,6,1,0.000000,15,5,2,14,3,2,
7,2,6,1,0.000000,1,9,6,11,14,5,
8,2,6,1,0.000000,9,5,5,14,3,7,
