# log(t);log(-log(1-X))
0.0000000000,-2.3965502645
0.6931471806,0.1899227734
