#id,creation_time,radius,volume,volume_perc,center_r1,center_r2,center_r3,center_r4,center_r5
0,0,28,1,0.000000,21,23,22,27,8,
1,0,28,1,0.000000,15,13,0,10,24,
2,0,28,1,0.000000,19,6,9,21,14,
3,1,20,1,0.000000,4,15,1,27,13,
4,1,20,1,0.000000,19,25,5,10,18,
5,1,20,1,0.000000,5,15,4,24,7,
6,2,14,1,0.000000,1,17,14,7,0,
7,2,14,1,0.000000,23,23,13,7,5,
8,2,14,1,0.000000,10,26,11,3,4,
9,3,9,1,0.000000,9,8,19,23,19,
10,3,9,1,0.000000,3,27,24,19,7,
11,4,5,1,0.000000,15,20,8,2,0,
