# log(t);log(-log(1-X))
0.0000000000,-3.6256223290
0.6931471806,-1.2814418667
1.0986122887,-0.1138042710
1.3862943611,0.6136745749
