#id,creation_time,radius,volume,volume_perc,center_x,center_y
0,0,14,1,0.000400,9,24,
1,0,14,1,0.000400,47,18,
2,0,14,1,0.000400,39,47,
3,0,14,1,0.000400,13,34,
4,0,14,1,0.000400,44,24,
5,0,14,1,0.000400,28,29,
6,0,14,1,0.000400,40,44,
7,0,14,1,0.000400,28,2,
8,0,14,1,0.000400,9,19,
9,0,14,1,0.000400,36,25,
10,0,14,1,0.000400,20,28,
11,0,14,1,0.000400,42,35,
12,0,14,1,0.000400,1,9,
13,0,14,1,0.000400,0,41,
14,0,14,1,0.000400,14,3,
15,0,14,1,0.000400,15,25,
