# log(t);log(-log(1-X))
0.0000000000,-2.8464000734
0.6931471806,-1.9913775914
1.0986122887,-1.4259099580
1.3862943611,-0.8180313572
1.6094379124,-0.5010912033
1.7917594692,-0.1861934000
1.9459101491,0.0627782918
2.0794415417,0.2819887925
2.1972245773,0.5148833256
2.3025850930,0.6616265746
2.3978952728,0.8357715936
2.4849066498,1.0066613414
