#id,creation_time,radius,volume,volume_perc,center_x,center_y
0,0,19,1,0.000400,48,18,
1,0,19,1,0.000400,26,32,
2,0,19,1,0.000400,24,28,
3,0,19,1,0.000400,28,40,
4,0,19,1,0.000400,27,17,
5,0,19,1,0.000400,38,27,
6,0,19,1,0.000400,37,30,
7,0,19,1,0.000400,2,36,
8,0,19,1,0.000400,36,26,
9,0,19,1,0.000400,46,26,
10,0,19,1,0.000400,13,24,
11,0,19,1,0.000400,9,36,
12,0,19,1,0.000400,32,46,
13,0,19,1,0.000400,39,13,
14,0,19,1,0.000400,28,42,
15,0,19,1,0.000400,2,26,
