# log(t);log(-log(1-X))
0.0000000000,-2.8611056899
0.6931471806,-2.0393851367
1.0986122887,-1.4910081793
1.3862943611,-0.8943558176
1.6094379124,-0.5710536568
1.7917594692,-0.2753754662
1.9459101491,-0.1048968646
2.0794415417,0.0453551448
2.1972245773,0.2078280468
2.3025850930,0.3197184934
2.3978952728,0.4451009583
2.4849066498,0.5562460113
2.5649493575,0.6892212510
2.6390573296,0.7901128734
2.7080502011,0.8732581215
2.7725887222,0.9737654675
2.8332133441,1.0636040302
