# log(t);log(-log(1-X))
0.0000000000,-6.6602548595
0.6931471806,-5.0672370511
1.0986122887,-4.0702619103
1.3862943611,-3.2363659688
1.6094379124,-2.5337153913
1.7917594692,-1.9741081128
1.9459101491,-1.5029909663
2.0794415417,-1.0871867822
2.1972245773,-0.6982890360
2.3025850930,-0.3523702874
2.3978952728,-0.0485362342
2.4849066498,0.2254696275
2.5649493575,0.4784717913
2.6390573296,0.7074640465
2.7080502011,0.9169781723
