# log(t);log(-log(1-X))
0.0000000000,-5.6180857471
0.6931471806,-3.5277427245
1.0986122887,-2.3377114011
1.3862943611,-1.5868589186
1.6094379124,-0.9727973797
1.7917594692,-0.4726879968
1.9459101491,-0.0478368372
2.0794415417,0.2399945027
2.1972245773,0.5040952776
2.3025850930,0.7478769734
2.3978952728,0.9728540112
