# log(t);log(-log(1-X))
0.0000000000,-6.6340219989
0.6931471806,-4.7052327330
1.0986122887,-3.5456742607
1.3862943611,-2.5848841773
1.6094379124,-1.7620700983
1.7917594692,-1.1507745644
1.9459101491,-0.6352790990
2.0794415417,-0.1755653966
2.1972245773,0.2315734852
2.3025850930,0.5590764226
2.3978952728,0.8308599614
2.4849066498,1.0707885182
