# log(t);log(-log(1-X))
0.0000000000,-3.6263166709
0.6931471806,-1.5868709146
1.0986122887,-0.2679442498
1.3862943611,0.5516028638
