#time,new_clusters_asked,new_clusters_created,clusters_total,volume_grow,volume_total,volume_totale_perc
0,50,50,50,50,50,0.000128
1,0,0,50,10209,10259,0.026263
2,0,0,50,62006,72265,0.184998
3,0,0,50,136580,208845,0.534643
4,0,0,50,112945,321790,0.823782
