# log(t);log(-log(1-X))
0.0000000000,-3.6967878959
0.6931471806,-1.4893736662
1.0986122887,-0.3228182043
1.3862943611,0.4161758814
1.6094379124,1.0677667208
