#id,creation_time,radius,volume,volume_perc,center_x,center_y
0,0,17,1,0.000400,25,36,
1,0,17,1,0.000400,37,11,
2,0,17,1,0.000400,24,44,
3,0,17,1,0.000400,20,46,
4,0,17,1,0.000400,6,31,
5,0,17,1,0.000400,48,36,
6,0,17,1,0.000400,33,30,
7,0,17,1,0.000400,10,49,
8,0,17,1,0.000400,31,11,
9,0,17,1,0.000400,17,36,
10,0,17,1,0.000400,28,21,
11,0,17,1,0.000400,13,33,
12,0,17,1,0.000400,12,21,
13,0,17,1,0.000400,28,18,
14,0,17,1,0.000400,9,23,
15,0,17,1,0.000400,19,34,
