# log(t);log(-log(1-X))
0.0000000000,-2.8537274078
0.6931471806,-2.0324032926
1.0986122887,-1.4977012242
1.3862943611,-0.9225680469
1.6094379124,-0.6239913173
1.7917594692,-0.3458030198
1.9459101491,-0.1311684509
2.0794415417,0.0725871036
2.1972245773,0.2774482632
2.3025850930,0.4196487333
2.3978952728,0.5840913738
2.4849066498,0.7130580513
2.5649493575,0.8605498761
2.6390573296,0.9737654675
2.7080502011,1.0561521895
