# log(t);log(-log(1-X))
0.0000000000,-8.8525944234
0.6931471806,-6.4752023680
1.0986122887,-4.9155325675
1.3862943611,-3.7318072578
1.6094379124,-2.7853697473
1.7917594692,-2.0297178577
1.9459101491,-1.3828792074
2.0794415417,-0.8505852658
2.1972245773,-0.4048775760
2.3025850930,-0.0163934897
2.3978952728,0.3132053616
2.4849066498,0.6040351946
2.5649493575,0.8556083520
2.6390573296,1.0783306346
