# log(t);log(-log(1-X))
0.0000000000,-9.3966284487
0.6931471806,-7.3631445198
1.0986122887,-6.0302513516
1.3862943611,-4.9609186716
1.6094379124,-4.0539490578
1.7917594692,-3.3148826874
1.9459101491,-2.6863214878
2.0794415417,-2.1338705875
2.1972245773,-1.6328708757
2.3025850930,-1.1829918794
2.3978952728,-0.7753595420
2.4849066498,-0.4026905204
2.5649493575,-0.0649562893
2.6390573296,0.2415653933
2.7080502011,0.5179603755
2.7725887222,0.7739510472
2.8332133441,1.0112077696
