# log(t);log(-log(1-X))
0.0000000000,-5.4736736305
0.6931471806,-3.3521286360
1.0986122887,-2.1615445103
1.3862943611,-1.4471590380
1.6094379124,-0.8928288272
1.7917594692,-0.4433508137
1.9459101491,-0.0465877760
2.0794415417,0.2229977885
2.1972245773,0.4799940719
2.3025850930,0.7296941494
2.3978952728,0.9731843227
