#id,creation_time,radius,volume,volume_perc,center_r1,center_r2,center_r3,center_r4,center_r5,center_r6
0,0,20,1,0.000000,15,4,0,9,8,5,
1,0,20,1,0.000000,14,7,4,2,0,1,
2,0,20,1,0.000000,5,0,10,9,15,6,
3,1,12,1,0.000000,3,1,12,5,4,9,
4,1,12,1,0.000000,1,2,14,8,7,0,
5,1,12,1,0.000000,6,7,4,6,0,12,
6,2,6,1,0.000000,1,5,4,11,14,3,
7,2,6,1,0.000000,1,1,4,13,6,9,
