# log(t);log(-log(1-X))
0.0000000000,-2.4130125385
0.6931471806,0.1080675121
