# log(t);log(-log(1-X))
0.0000000000,-5.5782609433
0.6931471806,-3.5531220763
1.0986122887,-2.3830015793
1.3862943611,-1.6193660309
1.6094379124,-0.9560638491
1.7917594692,-0.3897348344
1.9459101491,0.1018671534
2.0794415417,0.4477697392
2.1972245773,0.7824126346
