#id,creation_time,radius,volume,volume_perc,center_x,center_y
0,0,14,1,0.000400,7,21,
1,0,14,1,0.000400,31,49,
2,0,14,1,0.000400,36,37,
3,0,14,1,0.000400,36,46,
4,0,14,1,0.000400,22,10,
5,0,14,1,0.000400,44,8,
6,0,14,1,0.000400,35,37,
7,0,14,1,0.000400,35,2,
8,0,14,1,0.000400,20,20,
9,0,14,1,0.000400,41,42,
10,0,14,1,0.000400,22,11,
11,0,14,1,0.000400,8,1,
12,0,14,1,0.000400,25,42,
13,0,14,1,0.000400,21,24,
14,0,14,1,0.000400,29,11,
15,0,14,1,0.000400,14,38,
