# log(t);log(-log(1-X))
0.0000000000,-2.9378610900
0.6931471806,-2.0894853528
1.0986122887,-1.5134550392
1.3862943611,-0.9032137888
1.6094379124,-0.5573914655
1.7917594692,-0.2205599071
1.9459101491,0.0366491983
2.0794415417,0.2922297973
2.1972245773,0.5601878967
2.3025850930,0.7160790672
2.3978952728,0.8677844136
2.4849066498,0.9932821546
