# log(t);log(-log(1-X))
0.0000000000,-6.0174124802
0.6931471806,-3.3265341121
1.0986122887,-1.6538314798
1.3862943611,-0.4658923816
1.6094379124,0.4064577803
1.7917594692,1.0603247376
