# log(t);log(-log(1-X))
0.0000000000,-8.5475553911
0.6931471806,-5.7654752707
1.0986122887,-3.8576090375
1.3862943611,-2.4746070220
1.6094379124,-1.4200962957
1.7917594692,-0.5604212606
1.9459101491,0.1417444012
2.0794415417,0.6810330560
