# log(t);log(-log(1-X))
0.0000000000,-4.1271127056
0.6931471806,-3.0120599640
1.0986122887,-2.2503673273
1.3862943611,-1.5642702724
1.6094379124,-1.0502759293
1.7917594692,-0.6265442491
1.9459101491,-0.2742499561
2.0794415417,0.0246830016
2.1972245773,0.3013628497
2.3025850930,0.5431886940
2.3978952728,0.7546902155
2.4849066498,0.9486800858
