#id,creation_time,radius,volume,volume_perc,center_r1,center_r2,center_r3,center_r4,center_r5
0,0,28,1,0.000000,20,23,22,11,16,
1,0,28,1,0.000000,18,9,17,17,24,
2,0,28,1,0.000000,2,27,3,4,1,
3,1,20,1,0.000000,14,1,22,25,9,
4,1,20,1,0.000000,5,15,8,11,18,
5,1,20,1,0.000000,14,9,3,8,5,
6,2,14,1,0.000000,3,12,1,10,23,
7,2,14,1,0.000000,1,0,16,18,1,
8,2,14,1,0.000000,12,5,12,27,21,
9,3,9,1,0.000000,13,14,6,20,11,
10,3,9,1,0.000000,16,25,10,8,8,
11,4,5,1,0.000000,5,22,1,22,24,
