# log(t);log(-log(1-X))
0.0000000000,-3.6235036316
0.6931471806,-1.2876603657
1.0986122887,0.0124077568
1.3862943611,0.8511748413
