# log(t);log(-log(1-X))
0.0000000000,-9.3495589377
0.6931471806,-7.3184039762
1.0986122887,-5.9982554356
1.3862943611,-4.9297846608
1.6094379124,-4.0157991149
1.7917594692,-3.2705808420
1.9459101491,-2.6359375564
2.0794415417,-2.0757769045
2.1972245773,-1.5693944682
2.3025850930,-1.1173552008
2.3978952728,-0.7126025155
2.4849066498,-0.3449571997
2.5649493575,-0.0114810747
2.6390573296,0.2892306824
2.7080502011,0.5550001593
2.7725887222,0.7904417744
2.8332133441,1.0003571057
