# log(t);log(-log(1-X))
0.0000000000,-5.9846218501
0.6931471806,-3.2691325208
1.0986122887,-1.5743673033
1.3862943611,-0.3780838324
1.6094379124,0.4751054051
