# log(t);log(-log(1-X))
0.0000000000,-3.7675345455
0.6931471806,-2.0700352971
1.0986122887,-1.1511475878
1.3862943611,-0.5195669720
1.6094379124,-0.0411895773
1.7917594692,0.3619825764
1.9459101491,0.7089270922
2.0794415417,0.9911421534
