# log(t);log(-log(1-X))
0.0000000000,-12.7168967693
0.6931471806,-12.7168967693
1.0986122887,-9.2511143646
1.3862943611,-7.3153909251
1.6094379124,-6.1486891761
1.7917594692,-5.1770023489
1.9459101491,-3.7202825730
2.0794415417,-2.7042251298
2.1972245773,-1.8871859191
2.3025850930,-1.2458159008
2.3978952728,-0.4954042322
2.4849066498,0.0843482407
2.5649493575,0.5323439934
2.6390573296,0.8880634501
