#time,new_clusters_asked,new_clusters_created,clusters_total,volume_grow,volume_total,volume_totale_perc
0,50,50,50,50,50,0.000128
1,0,0,50,10343,10393,0.026606
2,0,0,50,62270,72663,0.186017
3,0,0,50,134365,207028,0.529992
4,0,0,50,109514,316542,0.810348
5,0,0,50,51282,367824,0.941629
