# log(t);log(-log(1-X))
0.0000000000,-6.6355462296
0.6931471806,-4.7071305016
1.0986122887,-3.5476741479
1.3862943611,-2.5835693380
1.6094379124,-1.7568946102
1.7917594692,-1.1467121688
1.9459101491,-0.6345161753
2.0794415417,-0.1820641977
2.1972245773,0.2193556505
2.3025850930,0.5511747152
2.3978952728,0.8329041086
2.4849066498,1.0847521034
