# log(t);log(-log(1-X))
0.0000000000,-3.6131656511
0.6931471806,-1.5807736960
1.0986122887,-0.2810301614
1.3862943611,0.5083612688
1.6094379124,1.0441336063
