#id,creation_time,radius,volume,volume_perc,center_r1,center_r2,center_r3,center_r4
0,0,11,1,0.000003,22,11,6,6,
1,0,11,1,0.000003,9,7,11,8,
2,0,11,1,0.000003,19,9,11,23,
3,0,11,1,0.000003,1,4,19,21,
4,0,11,1,0.000003,11,24,24,5,
5,0,11,1,0.000003,15,17,16,19,
6,0,11,1,0.000003,1,11,19,0,
7,0,11,1,0.000003,11,9,11,10,
8,0,11,1,0.000003,21,19,16,7,
9,0,11,1,0.000003,3,4,17,22,
10,0,11,1,0.000003,16,6,21,17,
11,0,11,1,0.000003,10,17,15,21,
12,0,11,1,0.000003,17,14,1,7,
13,0,11,1,0.000003,8,19,4,9,
14,0,11,1,0.000003,5,23,9,18,
15,0,11,1,0.000003,7,22,4,5,
16,0,11,1,0.000003,19,20,13,22,
17,0,11,1,0.000003,2,7,22,18,
18,0,11,1,0.000003,13,18,12,23,
19,0,11,1,0.000003,10,3,21,4,
20,0,11,1,0.000003,19,0,12,3,
21,0,11,1,0.000003,19,18,14,2,
22,0,11,1,0.000003,16,1,20,0,
23,0,11,1,0.000003,23,24,8,19,
24,0,11,1,0.000003,22,23,17,1,
25,0,11,1,0.000003,5,14,19,19,
26,0,11,1,0.000003,9,8,19,21,
27,0,11,1,0.000003,11,16,1,8,
28,0,11,1,0.000003,16,15,11,12,
29,0,11,1,0.000003,8,2,14,1,
30,0,11,1,0.000003,3,12,3,4,
31,0,11,1,0.000003,11,11,23,10,
32,0,11,1,0.000003,11,17,11,17,
33,0,11,1,0.000003,8,7,13,17,
34,0,11,1,0.000003,16,7,14,4,
35,0,11,1,0.000003,0,17,12,18,
36,0,11,1,0.000003,9,0,8,19,
37,0,11,1,0.000003,3,22,20,8,
38,0,11,1,0.000003,11,0,14,23,
39,0,11,1,0.000003,14,15,10,0,
40,0,11,1,0.000003,7,24,17,16,
41,0,11,1,0.000003,8,7,10,24,
42,0,11,1,0.000003,17,24,6,17,
43,0,11,1,0.000003,18,18,13,2,
44,0,11,1,0.000003,21,21,21,1,
45,0,11,1,0.000003,20,18,9,7,
46,0,11,1,0.000003,21,24,7,10,
47,0,11,1,0.000003,16,17,10,23,
48,0,11,1,0.000003,18,5,16,2,
49,0,11,1,0.000003,12,2,3,6,
