# log(t);log(-log(1-X))
0.0000000000,-6.6370727840
0.6931471806,-4.7127329492
1.0986122887,-3.5595025933
1.3862943611,-2.6065942797
1.6094379124,-1.7919457259
1.7917594692,-1.1907281730
1.9459101491,-0.6860581600
2.0794415417,-0.2386551648
2.1972245773,0.1591326924
2.3025850930,0.4866197518
2.3978952728,0.7673431923
2.4849066498,1.0199949998
