# log(t);log(-log(1-X))
0.0000000000,-3.6430448101
0.6931471806,-1.5932269101
1.0986122887,-0.2783482819
1.3862943611,0.5469006037
