# log(t);log(-log(1-X))
0.0000000000,-3.7832877206
0.6931471806,-2.1159736550
1.0986122887,-1.1706466995
1.3862943611,-0.4859949814
1.6094379124,0.0160152848
1.7917594692,0.3942893096
1.9459101491,0.7445637583
2.0794415417,1.0569482641
