# log(t);log(-log(1-X))
0.0000000000,-3.6223882569
0.6931471806,-1.5524250297
1.0986122887,-0.2127415784
1.3862943611,0.6226976715
