# log(t);log(-log(1-X))
0.0000000000,-6.6401328925
0.6931471806,-4.7200629462
1.0986122887,-3.5631612557
1.3862943611,-2.6002514291
1.6094379124,-1.7763867470
1.7917594692,-1.1666864510
1.9459101491,-0.6524954627
2.0794415417,-0.1952990057
2.1972245773,0.2123066341
2.3025850930,0.5476761299
2.3978952728,0.8327436722
2.4849066498,1.0910047141
