# log(t);log(-log(1-X))
0.0000000000,-5.9990632146
0.6931471806,-3.3146258812
1.0986122887,-1.6434888793
1.3862943611,-0.4528780342
1.6094379124,0.4189205693
1.7917594692,1.0739554887
