# log(t);log(-log(1-X))
0.0000000000,-8.8881878688
0.6931471806,-6.5458725004
1.0986122887,-5.0037870431
1.3862943611,-3.8253342923
1.6094379124,-2.8831945153
1.7917594692,-2.1307843333
1.9459101491,-1.4736570415
2.0794415417,-0.9154404370
2.1972245773,-0.4358716679
2.3025850930,-0.0120492348
2.3978952728,0.3445115650
2.4849066498,0.6529042768
2.5649493575,0.9158230814
