# log(t);log(-log(1-X))
0.0000000000,-12.7168967693
0.6931471806,-12.7168967693
1.0986122887,-9.2615861645
1.3862943611,-7.3305477329
1.6094379124,-6.1685878199
1.7917594692,-5.2033550987
1.9459101491,-3.7620138474
2.0794415417,-2.7573344278
2.1972245773,-1.9395009253
2.3025850930,-1.2832116488
2.3978952728,-0.4796870547
2.4849066498,0.1603780160
2.5649493575,0.6469844033
2.6390573296,1.0242193079
