# log(t);log(-log(1-X))
0.0000000000,-12.7168967693
0.6931471806,-12.7168967693
1.0986122887,-9.2511143646
1.3862943611,-7.3244574330
1.6094379124,-6.1666755961
1.7917594692,-5.2106972072
1.9459101491,-3.7822089663
2.0794415417,-2.7860422144
2.1972245773,-1.9764600158
2.3025850930,-1.3213625585
2.3978952728,-0.5132422053
2.4849066498,0.1288152402
2.5649493575,0.6419053308
2.6390573296,1.0548034285
