# log(t);log(-log(1-X))
0.0000000000,-5.9814407143
0.6931471806,-3.2806655408
1.0986122887,-1.6115542380
1.3862943611,-0.4457643630
1.6094379124,0.3643258762
1.7917594692,0.9228823788
