# log(t);log(-log(1-X))
0.0000000000,-6.0590036086
0.6931471806,-4.1988973961
1.0986122887,-3.1049940184
1.3862943611,-2.3146479019
1.6094379124,-1.7092691150
1.7917594692,-1.2152697556
1.9459101491,-0.7986430932
2.0794415417,-0.4446713436
2.1972245773,-0.1454608293
2.3025850930,0.1072225019
2.3978952728,0.3238196448
2.4849066498,0.5167064621
2.5649493575,0.6862080613
2.6390573296,0.8299392672
2.7080502011,0.9552348689
2.7725887222,1.0673634504
