#time,new_clusters_asked,new_clusters_created,clusters_total,volume_grow,volume_total,volume_totale_perc
0,50,50,50,50,50,0.000003
1,0,0,50,0,50,0.000003
2,0,0,50,0,50,0.000003
3,0,0,50,3162,3212,0.000191
4,0,0,50,47700,50912,0.003035
5,0,0,50,285059,335971,0.020025
6,0,0,50,955937,1291908,0.077004
7,0,0,50,5686109,6978017,0.415922
8,0,0,50,7143426,14121443,0.841704
