# log(t);log(-log(1-X))
0.0000000000,-12.7168967693
0.6931471806,-12.7168967693
1.0986122887,-8.8954611282
1.3862943611,-6.5479667829
1.6094379124,-4.9984022026
1.7917594692,-3.8169807327
1.9459101491,-2.1385873857
2.0794415417,-0.9608086037
2.1972245773,-0.0954867710
2.3025850930,0.5682261084
