# log(t);log(-log(1-X))
0.0000000000,-1.5300469601
0.6931471806,-0.0619521070
1.0986122887,0.9467978532
