# log(t);log(-log(1-X))
0.0000000000,-4.6735049745
0.6931471806,-3.2573209801
1.0986122887,-2.4862063006
1.3862943611,-1.7379626658
1.6094379124,-1.1374515358
1.7917594692,-0.7025781767
1.9459101491,-0.3457800796
2.0794415417,-0.0474041477
2.1972245773,0.2478866742
2.3025850930,0.4703024415
2.3978952728,0.6694528882
2.4849066498,0.8583216347
2.5649493575,1.0418889304
