# log(t);log(-log(1-X))
0.0000000000,-6.6485967342
0.6931471806,-4.7338514907
1.0986122887,-3.5849087497
1.3862943611,-2.6344542623
1.6094379124,-1.8215809518
1.7917594692,-1.2210322367
1.9459101491,-0.7160587591
2.0794415417,-0.2672167329
2.1972245773,0.1316591894
2.3025850930,0.4562640372
2.3978952728,0.7296250817
2.4849066498,0.9731257059
