# log(t);log(-log(1-X))
0.0000000000,-3.7284342568
0.6931471806,-1.6914692792
1.0986122887,-0.3637268225
1.3862943611,0.4963349443
