#time,new_clusters_asked,new_clusters_created,clusters_total,volume_grow,volume_total,volume_totale_perc
0,50,50,50,50,50,0.000128
1,0,0,50,9225,9275,0.023744
2,0,0,50,56456,65731,0.168271
3,0,0,50,129959,195690,0.500966
4,0,0,50,119365,315055,0.806541
