# log(t);log(-log(1-X))
0.0000000000,-8.8737981313
0.6931471806,-6.5210768862
1.0986122887,-4.9802183097
1.3862943611,-3.8051970491
1.6094379124,-2.8659850270
1.7917594692,-2.1196300904
1.9459101491,-1.4743049034
2.0794415417,-0.9337242322
2.1972245773,-0.4750379233
2.3025850930,-0.0728630900
2.3978952728,0.2643118005
2.4849066498,0.5567840516
2.5649493575,0.8076404080
2.6390573296,1.0292851195
