# log(t);log(-log(1-X))
0.0000000000,-6.6355462296
0.6931471806,-4.7085841483
1.0986122887,-3.5489618439
1.3862943611,-2.5882643537
1.6094379124,-1.7666846038
1.7917594692,-1.1589202959
1.9459101491,-0.6434834256
2.0794415417,-0.1802421784
2.1972245773,0.2334935938
2.3025850930,0.5731904265
2.3978952728,0.8651083023
