# log(t);log(-log(1-X))
0.0000000000,-3.6851576757
0.6931471806,-1.6355246703
1.0986122887,-0.2889537373
1.3862943611,0.5201229319
1.6094379124,1.0376892475
