#time,new_clusters_asked,new_clusters_created,clusters_total,volume_grow,volume_total,volume_totale_perc
0,50,50,50,50,50,0.000128
1,0,0,50,9630,9680,0.024781
2,0,0,50,59477,69157,0.177042
3,0,0,50,136774,205931,0.527183
4,0,0,50,112054,317985,0.814042
5,0,0,50,49419,367404,0.940554
