# log(t);log(-log(1-X))
0.0000000000,-3.9124988716
0.6931471806,-2.2928644436
1.0986122887,-1.3337630475
1.3862943611,-0.6684278084
1.6094379124,-0.1473474586
1.7917594692,0.3070515025
1.9459101491,0.7093138550
2.0794415417,1.0614882408
