# log(t);log(-log(1-X))
0.0000000000,-11.3305979081
0.6931471806,-8.5170931831
1.0986122887,-6.5244842274
1.3862943611,-5.0440252738
1.6094379124,-3.8820811972
1.7917594692,-2.9101649376
1.9459101491,-2.0750271479
2.0794415417,-1.3581398771
2.1972245773,-0.7431712217
2.3025850930,-0.2143659470
2.3978952728,0.2445996860
2.4849066498,0.6466627411
2.5649493575,0.9966204494
