# log(t);log(-log(1-X))
0.0000000000,-4.1271127056
0.6931471806,-3.0292836602
1.0986122887,-2.2377834314
1.3862943611,-1.5202663260
1.6094379124,-0.9573749217
1.7917594692,-0.4531334946
1.9459101491,-0.0362168777
2.0794415417,0.2945103677
2.1972245773,0.5787410428
2.3025850930,0.8084008801
2.3978952728,1.0157562582
