# log(t);log(-log(1-X))
0.0000000000,-4.1526331850
0.6931471806,-3.0736206389
1.0986122887,-2.3065994877
1.3862943611,-1.6221392107
1.6094379124,-1.1014145997
1.7917594692,-0.6509509235
1.9459101491,-0.2798805695
2.0794415417,0.0616888269
2.1972245773,0.4004821544
2.3025850930,0.7085442364
2.3978952728,1.0226742459
