# log(t);log(-log(1-X))
0.0000000000,-1.9208663231
0.6931471806,0.3579021573
