# log(t);log(-log(1-X))
0.0000000000,-3.8597392127
0.6931471806,-2.2424648762
1.0986122887,-1.2670443458
1.3862943611,-0.5792337713
1.6094379124,-0.0178969194
1.7917594692,0.4395076225
1.9459101491,0.8081907330
2.0794415417,1.0774436470
