# log(t);log(-log(1-X))
0.0000000000,-8.5271445191
0.6931471806,-5.7314876168
1.0986122887,-3.8190743758
1.3862943611,-2.4514552825
1.6094379124,-1.4171385945
1.7917594692,-0.5672480944
1.9459101491,0.1364226926
2.0794415417,0.6785354529
