# log(t);log(-log(1-X))
0.0000000000,-6.0798076234
0.6931471806,-4.2159448334
1.0986122887,-3.1008259273
1.3862943611,-2.2903912528
1.6094379124,-1.6738019885
1.7917594692,-1.1693898401
1.9459101491,-0.7420314780
2.0794415417,-0.3823261048
2.1972245773,-0.0739723446
2.3025850930,0.1897731380
2.3978952728,0.4168038392
2.4849066498,0.6145435286
2.5649493575,0.7878019031
2.6390573296,0.9470481539
