#id,creation_time,radius,volume,volume_perc,center_r1,center_r2,center_r3,center_r4,center_r5,center_r6
0,0,20,1,0.000000,7,7,14,2,15,9,
1,0,20,1,0.000000,5,9,6,6,3,3,
2,0,20,1,0.000000,1,3,8,5,11,10,
3,1,12,1,0.000000,2,11,1,2,7,9,
4,1,12,1,0.000000,2,11,8,2,11,12,
5,1,12,1,0.000000,14,2,3,12,4,2,
6,2,6,1,0.000000,5,9,11,11,0,15,
7,2,6,1,0.000000,15,1,2,7,6,13,
8,2,6,1,0.000000,1,8,9,3,11,0,
