# log(t);log(-log(1-X))
0.0000000000,-1.7124182136
0.6931471806,0.7094039967
