# log(t);log(-log(1-X))
0.0000000000,-1.8976469837
0.6931471806,0.6050539301
