# log(t);log(-log(1-X))
0.0000000000,-4.6700524198
0.6931471806,-3.2677407557
1.0986122887,-2.5097550347
1.3862943611,-1.7706689187
1.6094379124,-1.1631524327
1.7917594692,-0.7113175605
1.9459101491,-0.3146283392
2.0794415417,0.0257489098
2.1972245773,0.3530413321
2.3025850930,0.5897876369
2.3978952728,0.7918904898
2.4849066498,0.9784348153
