# log(t);log(-log(1-X))
0.0000000000,-1.4736789977
0.6931471806,-0.0152897295
1.0986122887,0.9152243915
