# log(t);log(-log(1-X))
0.0000000000,-8.8737981313
0.6931471806,-6.5217574276
1.0986122887,-4.9810977512
1.3862943611,-3.8068524193
1.6094379124,-2.8689831145
1.7917594692,-2.1241088177
1.9459101491,-1.4842666518
2.0794415417,-0.9532045662
2.1972245773,-0.5034004438
2.3025850930,-0.1087508125
2.3978952728,0.2259055012
2.4849066498,0.5227465579
2.5649493575,0.7812404852
2.6390573296,1.0114408742
