#id,creation_time,radius,volume,volume_perc,center_r1,center_r2,center_r3,center_r4,center_r5
0,0,28,1,0.000000,11,13,22,14,2,
1,0,28,1,0.000000,11,6,24,0,12,
2,0,28,1,0.000000,10,3,15,20,2,
3,1,20,1,0.000000,13,23,27,4,20,
4,1,20,1,0.000000,23,20,21,14,17,
5,1,20,1,0.000000,12,21,0,23,22,
6,2,14,1,0.000000,15,6,8,9,21,
7,2,14,1,0.000000,22,20,11,18,21,
8,2,14,1,0.000000,24,13,8,11,5,
9,3,9,1,0.000000,10,25,0,21,13,
10,3,9,1,0.000000,20,0,5,26,14,
11,3,9,1,0.000000,23,10,20,7,5,
