# log(t);log(-log(1-X))
0.0000000000,-3.6853211449
0.6931471806,-1.4557063717
1.0986122887,-0.2403662594
1.3862943611,0.5549051284
