# log(t);log(-log(1-X))
0.0000000000,-3.6780718590
0.6931471806,-1.6438529628
1.0986122887,-0.2762873530
1.3862943611,0.6294469943
