# log(t);log(-log(1-X))
0.0000000000,-6.6386016692
0.6931471806,-4.7146448892
1.0986122887,-3.5584906089
1.3862943611,-2.6028219034
1.6094379124,-1.7845390729
1.7917594692,-1.1776010778
1.9459101491,-0.6680760351
2.0794415417,-0.2170410184
2.1972245773,0.1867038674
2.3025850930,0.5202540014
2.3978952728,0.8040327044
2.4849066498,1.0532678966
