# log(t);log(-log(1-X))
0.0000000000,-5.9699929820
0.6931471806,-3.2595914010
1.0986122887,-1.6114563640
1.3862943611,-0.4852101654
1.6094379124,0.3136331472
1.7917594692,0.8720411869
