# log(t);log(-log(1-X))
0.0000000000,-11.2505547005
0.6931471806,-8.4172373463
1.0986122887,-6.4425965018
1.3862943611,-5.0306897274
1.6094379124,-3.9271481872
1.7917594692,-2.9977226440
1.9459101491,-2.1911529095
2.0794415417,-1.4989880370
2.1972245773,-0.9091562580
2.3025850930,-0.4008580024
2.3978952728,0.0352130074
2.4849066498,0.4040857015
2.5649493575,0.7157349459
2.6390573296,0.9965096050
