# log(t);log(-log(1-X))
0.0000000000,-6.6386016692
0.6931471806,-4.7181407220
1.0986122887,-3.5640325567
1.3862943611,-2.6063170933
1.6094379124,-1.7858926039
1.7917594692,-1.1754292047
1.9459101491,-0.6546332072
2.0794415417,-0.1839171507
2.1972245773,0.2431622213
2.3025850930,0.5976391747
2.3978952728,0.8988111601
