# log(t);log(-log(1-X))
0.0000000000,-3.6226573745
0.6931471806,-1.5736845270
1.0986122887,-0.2616927572
1.3862943611,0.6102564815
