# log(t);log(-log(1-X))
0.0000000000,-3.9301553869
0.6931471806,-2.2262060202
1.0986122887,-1.2564832237
1.3862943611,-0.6682975150
1.6094379124,-0.1999473045
1.7917594692,0.1882271784
1.9459101491,0.5500477924
2.0794415417,0.8903019660
