# log(t);log(-log(1-X))
0.0000000000,-6.7248334220
0.6931471806,-5.1305258561
1.0986122887,-4.1195798760
1.3862943611,-3.2584015148
1.6094379124,-2.5174682674
1.7917594692,-1.9026791073
1.9459101491,-1.3703205108
2.0794415417,-0.9111368146
2.1972245773,-0.4933585699
2.3025850930,-0.1275952666
2.3978952728,0.1950048708
2.4849066498,0.4949352912
2.5649493575,0.7718969791
2.6390573296,1.0209599105
