# log(t);log(-log(1-X))
0.0000000000,-9.3846517577
0.6931471806,-7.3599939103
1.0986122887,-6.0365232429
1.3862943611,-4.9643740737
1.6094379124,-4.0486856952
1.7917594692,-3.3012742659
1.9459101491,-2.6687271103
2.0794415417,-2.1138788529
2.1972245773,-1.6144449767
2.3025850930,-1.1696841815
2.3978952728,-0.7698441884
2.4849066498,-0.4021797548
2.5649493575,-0.0656726912
2.6390573296,0.2399299983
2.7080502011,0.5126393521
2.7725887222,0.7540396504
2.8332133441,0.9702603814
