# log(t);log(-log(1-X))
0.0000000000,-5.6688156618
0.6931471806,-3.5821696592
1.0986122887,-2.4877613579
1.3862943611,-1.8520680819
1.6094379124,-1.3177502295
1.7917594692,-0.8320979134
1.9459101491,-0.3815229973
2.0794415417,-0.0769135238
2.1972245773,0.2041517818
2.3025850930,0.4723316909
2.3978952728,0.7345455635
2.4849066498,1.0021617166
