# log(t);log(-log(1-X))
0.0000000000,-4.1271127056
0.6931471806,-3.0292836602
1.0986122887,-2.2673693481
1.3862943611,-1.6221392107
1.6094379124,-1.0584087744
1.7917594692,-0.5986255805
1.9459101491,-0.2005788211
2.0794415417,0.1635255942
2.1972245773,0.4659733707
2.3025850930,0.7313302499
2.3978952728,0.9999333044
