# log(t);log(-log(1-X))
0.0000000000,-11.2505547005
0.6931471806,-8.4217730015
1.0986122887,-6.4482738877
1.3862943611,-4.9991483771
1.6094379124,-3.8648893138
1.7917594692,-2.9182415412
1.9459101491,-2.0910868974
2.0794415417,-1.3771690721
2.1972245773,-0.7758517371
2.3025850930,-0.2643556185
2.3978952728,0.1782898139
2.4849066498,0.5727652123
2.5649493575,0.9293417476
