# log(t);log(-log(1-X))
0.0000000000,-8.5789745878
0.6931471806,-5.8347098833
1.0986122887,-3.9709964122
1.3862943611,-2.6310608639
1.6094379124,-1.6001910194
1.7917594692,-0.7451479414
1.9459101491,-0.0205178242
2.0794415417,0.5461157478
2.1972245773,0.9889059333
