# log(t);log(-log(1-X))
0.0000000000,-1.4186481935
0.6931471806,0.0944556230
1.0986122887,1.0177767713
