# log(t);log(-log(1-X))
0.0000000000,-4.6614723434
0.6931471806,-3.2220697830
1.0986122887,-2.4417832678
1.3862943611,-1.6827237288
1.6094379124,-1.0695063971
1.7917594692,-0.6250376530
1.9459101491,-0.2447096185
2.0794415417,0.0745715114
2.1972245773,0.3860598663
2.3025850930,0.6091956869
2.3978952728,0.7820298790
2.4849066498,0.9365840629
2.5649493575,1.0744724283
