# log(t);log(-log(1-X))
0.0000000000,-5.6261324625
0.6931471806,-3.5531939521
1.0986122887,-2.3566027107
1.3862943611,-1.5856179452
1.6094379124,-0.9279339056
1.7917594692,-0.3878577627
1.9459101491,0.0584971245
2.0794415417,0.3492035447
2.1972245773,0.6140626055
2.3025850930,0.8603654301
2.3978952728,1.0941734747
