# log(t);log(-log(1-X))
0.0000000000,-3.7672688706
0.6931471806,-1.9774054313
1.0986122887,-0.9380869792
1.3862943611,-0.2407627195
1.6094379124,0.3020032514
1.7917594692,0.7342331684
1.9459101491,1.0883605784
