# log(t);log(-log(1-X))
0.0000000000,-6.6920235788
0.6931471806,-5.0957511942
1.0986122887,-4.0880525167
1.3862943611,-3.2367894312
1.6094379124,-2.5005072162
1.7917594692,-1.8975230057
1.9459101491,-1.3808367052
2.0794415417,-0.9274269492
2.1972245773,-0.5113491244
2.3025850930,-0.1564470267
2.3978952728,0.1536971479
2.4849066498,0.4309499481
2.5649493575,0.6948602616
2.6390573296,0.9418732397
