# log(t);log(-log(1-X))
0.0000000000,-12.7168967693
0.6931471806,-12.7168967693
1.0986122887,-9.2721687739
1.3862943611,-7.3552865185
1.6094379124,-6.2011722231
1.7917594692,-5.2415632189
1.9459101491,-3.8009330356
2.0794415417,-2.8004902314
2.1972245773,-1.9883753286
2.3025850930,-1.3378045617
2.3978952728,-0.5447198879
2.4849066498,0.1069982733
2.5649493575,0.6157914091
2.6390573296,0.9950318377
