# log(t);log(-log(1-X))
0.0000000000,-12.7168967693
0.6931471806,-12.7168967693
1.0986122887,-8.5631416223
1.3862943611,-5.8006549718
1.6094379124,-3.9117336507
1.7917594692,-2.5540246432
1.9459101491,-0.6681346598
2.0794415417,0.5690472126
