# log(t);log(-log(1-X))
0.0000000000,-8.8666801634
0.6931471806,-6.4982094085
1.0986122887,-4.9453728844
1.3862943611,-3.7621019446
1.6094379124,-2.8169821120
1.7917594692,-2.0650561741
1.9459101491,-1.4131493672
2.0794415417,-0.8673852655
2.1972245773,-0.4034699695
2.3025850930,0.0030946089
2.3978952728,0.3431954879
2.4849066498,0.6401788155
2.5649493575,0.8993479724
