# log(t);log(-log(1-X))
0.0000000000,-4.1639378423
0.6931471806,-1.7446380567
1.0986122887,-0.3449399988
1.3862943611,0.4335160984
1.6094379124,1.0393843826
