# log(t);log(-log(1-X))
0.0000000000,-5.5129655668
0.6931471806,-3.4255160192
1.0986122887,-2.2266292452
1.3862943611,-1.4461966531
1.6094379124,-0.7745544137
1.7917594692,-0.1868620769
1.9459101491,0.3317349113
2.0794415417,0.6678656758
2.1972245773,0.9644593837
