# log(t);log(-log(1-X))
0.0000000000,-12.7168967693
0.6931471806,-12.7168967693
1.0986122887,-8.8737981313
1.3862943611,-6.5163260010
1.6094379124,-4.9692896121
1.7917594692,-3.7880206882
1.9459101491,-2.0824923969
2.0794415417,-0.9016122174
2.1972245773,-0.0710018072
2.3025850930,0.5539682859
