# log(t);log(-log(1-X))
0.0000000000,-6.7518781102
0.6931471806,-5.2009804103
1.0986122887,-4.2133350996
1.3862943611,-3.3591334181
1.6094379124,-2.6343943741
1.7917594692,-2.0278183745
1.9459101491,-1.5068148977
2.0794415417,-1.0655360331
2.1972245773,-0.6729280156
2.3025850930,-0.3254458202
2.3978952728,-0.0162031849
2.4849066498,0.2723027305
2.5649493575,0.5463632059
2.6390573296,0.8008698334
2.7080502011,1.0276616238
