# log(t);log(-log(1-X))
0.0000000000,-12.7168967693
0.6931471806,-12.7168967693
1.0986122887,-9.2511143646
1.3862943611,-7.3093919046
1.6094379124,-6.1398155936
1.7917594692,-5.1695475870
1.9459101491,-3.7215096671
2.0794415417,-2.7194469557
2.1972245773,-1.9192392661
2.3025850930,-1.2902800257
2.3978952728,-0.5498186295
2.4849066498,0.0417989240
2.5649493575,0.5058040351
2.6390573296,0.8756752372
