# log(t);log(-log(1-X))
0.0000000000,-5.9938242480
0.6931471806,-3.2950122010
1.0986122887,-1.6323358200
1.3862943611,-0.5197376419
1.6094379124,0.2381663798
1.7917594692,0.7837332548
