# log(t);log(-log(1-X))
0.0000000000,-8.8809671208
0.6931471806,-6.5183593355
1.0986122887,-4.9671180339
1.3862943611,-3.7848629452
1.6094379124,-2.8441388315
1.7917594692,-2.0976538127
1.9459101491,-1.4529644842
2.0794415417,-0.9089817247
2.1972245773,-0.4372329892
2.3025850930,-0.0151157395
2.3978952728,0.3471196790
2.4849066498,0.6708834351
2.5649493575,0.9509636701
