# log(t);log(-log(1-X))
0.0000000000,-9.3728168000
0.6931471806,-7.3537222962
1.0986122887,-6.0436791520
1.3862943611,-4.9841818593
1.6094379124,-4.0776768975
1.7917594692,-3.3406264562
1.9459101491,-2.7111012579
2.0794415417,-2.1510306285
2.1972245773,-1.6446882479
2.3025850930,-1.1946075179
2.3978952728,-0.7905471010
2.4849066498,-0.4215977797
2.5649493575,-0.0866576465
2.6390573296,0.2197462212
2.7080502011,0.4944292089
2.7725887222,0.7390620621
2.8332133441,0.9539886778
