# log(t);log(-log(1-X))
0.0000000000,-3.7737532822
0.6931471806,-2.1044162867
1.0986122887,-1.1492054383
1.3862943611,-0.4097625993
1.6094379124,0.1243773813
1.7917594692,0.5129701656
1.9459101491,0.8349276139
