# log(t);log(-log(1-X))
0.0000000000,-5.5199587049
0.6931471806,-3.4097592365
1.0986122887,-2.2270629586
1.3862943611,-1.4794002436
1.6094379124,-0.8522619271
1.7917594692,-0.3083062722
1.9459101491,0.1671494199
2.0794415417,0.5022968219
2.1972245773,0.8335722310
