# log(t);log(-log(1-X))
0.0000000000,-5.9942262749
0.6931471806,-3.3277758288
1.0986122887,-1.6770223570
1.3862943611,-0.5338712710
1.6094379124,0.2960364926
1.7917594692,0.9319165242
