# log(t);log(-log(1-X))
0.0000000000,-8.8954611282
0.6931471806,-6.5389230220
1.0986122887,-4.9860958140
1.3862943611,-3.7975984225
1.6094379124,-2.8526801668
1.7917594692,-2.1017323616
1.9459101491,-1.4526241783
2.0794415417,-0.9089520187
2.1972245773,-0.4521830644
2.3025850930,-0.0615844525
2.3978952728,0.2595818169
2.4849066498,0.5377316027
2.5649493575,0.7760383520
2.6390573296,0.9872779361
