#id,creation_time,radius,volume,volume_perc,center_x,center_y
0,0,17,1,0.000400,45,18,
1,0,17,1,0.000400,21,16,
2,0,17,1,0.000400,21,1,
3,0,17,1,0.000400,37,2,
4,0,17,1,0.000400,24,11,
5,0,17,1,0.000400,6,46,
6,0,17,1,0.000400,37,18,
7,0,17,1,0.000400,12,34,
8,0,17,1,0.000400,25,17,
9,0,17,1,0.000400,12,39,
10,0,17,1,0.000400,31,18,
11,0,17,1,0.000400,22,16,
12,0,17,1,0.000400,24,17,
13,0,17,1,0.000400,44,42,
14,0,17,1,0.000400,29,9,
15,0,17,1,0.000400,29,25,
