# log(t);log(-log(1-X))
0.0000000000,-2.9299299877
0.6931471806,-2.0894853528
1.0986122887,-1.5478805801
1.3862943611,-0.9835892154
1.6094379124,-0.6913981252
1.7917594692,-0.4224086726
1.9459101491,-0.2172244076
2.0794415417,-0.0253385998
2.1972245773,0.2011563075
2.3025850930,0.3591620767
2.3978952728,0.5263954946
2.4849066498,0.6644971728
2.5649493575,0.7803055609
2.6390573296,0.8824750687
2.7080502011,0.9802005723
