# log(t);log(-log(1-X))
0.0000000000,-6.6602548595
0.6931471806,-5.0507598954
1.0986122887,-4.0485690402
1.3862943611,-3.1897930565
1.6094379124,-2.4609072798
1.7917594692,-1.8555699762
1.9459101491,-1.3340693258
2.0794415417,-0.8878306669
2.1972245773,-0.4844466254
2.3025850930,-0.1257325587
2.3978952728,0.1918324232
2.4849066498,0.4673821835
2.5649493575,0.7103472319
2.6390573296,0.9124666414
2.7080502011,1.0867231360
