# log(t);log(-log(1-X))
0.0000000000,-12.7168967693
0.6931471806,-12.7168967693
1.0986122887,-8.8881878688
1.3862943611,-6.5416970290
1.6094379124,-5.0018391933
1.7917594692,-3.8292780550
1.9459101491,-2.1367745765
2.0794415417,-0.9354249316
2.1972245773,-0.0506318441
2.3025850930,0.6221372965
