# log(t);log(-log(1-X))
0.0000000000,-8.5372978907
0.6931471806,-5.7511735541
1.0986122887,-3.8442996568
1.3862943611,-2.4780103712
1.6094379124,-1.4564211825
1.7917594692,-0.6455024469
1.9459101491,0.0125192151
2.0794415417,0.5130846950
2.1972245773,0.9115176506
