# log(t);log(-log(1-X))
0.0000000000,-8.8666801634
0.6931471806,-6.4948901527
1.0986122887,-4.9348139156
1.3862943611,-3.7401808676
1.6094379124,-2.7848355247
1.7917594692,-2.0228891515
1.9459101491,-1.3650022141
2.0794415417,-0.8206332696
2.1972245773,-0.3648109844
2.3025850930,0.0359038929
2.3978952728,0.3781069508
2.4849066498,0.6789689077
2.5649493575,0.9342360693
