# log(t);log(-log(1-X))
0.0000000000,-6.7248334220
0.6931471806,-5.1373533328
1.0986122887,-4.1316593470
1.3862943611,-3.2791479618
1.6094379124,-2.5455656329
1.7917594692,-1.9267059731
1.9459101491,-1.3926330704
2.0794415417,-0.9278174797
2.1972245773,-0.5099644076
2.3025850930,-0.1484653858
2.3978952728,0.1720898443
2.4849066498,0.4475436228
2.5649493575,0.6946530343
2.6390573296,0.9157305658
