# log(t);log(-log(1-X))
0.0000000000,-12.7168967693
0.6931471806,-12.7168967693
1.0986122887,-8.9027876684
1.3862943611,-6.5627506910
1.6094379124,-5.0274600364
1.7917594692,-3.8589640895
1.9459101491,-2.1668285615
2.0794415417,-0.9640307053
2.1972245773,-0.0909389931
2.3025850930,0.5720512998
