# log(t);log(-log(1-X))
0.0000000000,-3.6287892497
0.6931471806,-1.5516664906
1.0986122887,-0.2140576944
1.3862943611,0.6262634531
