# log(t);log(-log(1-X))
0.0000000000,-6.6370727840
0.6931471806,-4.7122836069
1.0986122887,-3.5545965336
1.3862943611,-2.5961108903
1.6094379124,-1.7751766881
1.7917594692,-1.1663839496
1.9459101491,-0.6543873035
2.0794415417,-0.1988257098
2.1972245773,0.2066347290
2.3025850930,0.5425228412
2.3978952728,0.8337502057
2.4849066498,1.0941270235
