#time,new_clusters_asked,new_clusters_created,clusters_total,volume_grow,volume_total,volume_totale_perc
0,50,50,50,50,50,0.000128
1,0,0,50,10184,10234,0.026199
2,0,0,50,64356,74590,0.190950
3,0,0,50,141793,216383,0.553940
4,0,0,50,114074,330457,0.845970
