# log(t);log(-log(1-X))
0.0000000000,-3.8150769162
0.6931471806,-2.2396829072
1.0986122887,-1.3347760055
1.3862943611,-0.6250121265
1.6094379124,-0.0346692148
1.7917594692,0.4087758209
1.9459101491,0.7601104337
2.0794415417,1.0894770623
