# log(t);log(-log(1-X))
0.0000000000,-12.7168967693
0.6931471806,-12.7168967693
1.0986122887,-9.2615861645
1.3862943611,-7.3366753274
1.6094379124,-6.1869382875
1.7917594692,-5.2394757405
1.9459101491,-3.8284786836
2.0794415417,-2.8448495096
2.1972245773,-2.0354962566
2.3025850930,-1.3776537666
2.3978952728,-0.5849385357
2.4849066498,0.0567571993
2.5649493575,0.5649501322
2.6390573296,0.9585615798
