# log(t);log(-log(1-X))
0.0000000000,-6.0039236055
0.6931471806,-3.3131718451
1.0986122887,-1.6443490417
1.3862943611,-0.4745378280
1.6094379124,0.3384048938
1.7917594692,0.9312083168
