# log(t);log(-log(1-X))
0.0000000000,-6.6920235788
0.6931471806,-5.1143265257
1.0986122887,-4.1066537607
1.3862943611,-3.2386971465
1.6094379124,-2.4930178955
1.7917594692,-1.8731074465
1.9459101491,-1.3455003612
2.0794415417,-0.8880066928
2.1972245773,-0.4719250926
2.3025850930,-0.1083516811
2.3978952728,0.2054250550
2.4849066498,0.4806887556
2.5649493575,0.7180478577
2.6390573296,0.9299434431
