# log(t);log(-log(1-X))
0.0000000000,-11.3305979081
0.6931471806,-8.4875313803
1.0986122887,-6.5082336961
1.3862943611,-5.0495035257
1.6094379124,-3.9063423834
1.7917594692,-2.9500114968
1.9459101491,-2.1292301429
2.0794415417,-1.4231187331
2.1972245773,-0.8081237183
2.3025850930,-0.2779681151
2.3978952728,0.1755121789
2.4849066498,0.5692790694
2.5649493575,0.9132132198
