# log(t);log(-log(1-X))
0.0000000000,-11.2505547005
0.6931471806,-8.4309064853
1.0986122887,-6.4719583709
1.3862943611,-5.0231698382
1.6094379124,-3.8796074225
1.7917594692,-2.9105333654
1.9459101491,-2.0725915753
2.0794415417,-1.3831148848
2.1972245773,-0.8081377331
2.3025850930,-0.3146709772
2.3978952728,0.1018316256
2.4849066498,0.4610856260
2.5649493575,0.7847087471
2.6390573296,1.0853126154
