# log(t);log(-log(1-X))
0.0000000000,-8.5631416223
0.6931471806,-5.8059733263
1.0986122887,-3.9186927301
1.3862943611,-2.5694502208
1.6094379124,-1.5484564751
1.7917594692,-0.7113841179
1.9459101491,-0.0146019277
2.0794415417,0.5177465286
2.1972245773,0.9330752594
