# log(t);log(-log(1-X))
0.0000000000,-3.3572885875
0.6931471806,-0.9809057727
1.0986122887,0.3133288096
